slug,name,borough,neighborhood,address,cuisines,price_tiers,meal_periods,weeks,sunday_participation,menu_url,reservation_link,listing_url,website,menu_parse_quality
100-feast,100 Feast,Manhattan,Chinatown,"100 E. Broadway, 2nd fl. & 3rd fl., Manhattan, NY, 10002","[""Chinese"", ""Japanese / Sushi""]","[""$30"", ""$45""]","[""brunch"", ""dinner"", ""lunch""]","[""Week 4 (Aug 10 - Aug 16)"", ""Week 5 (Aug 17 - Aug 23)"", ""Week 6 (Aug 24 - Aug 31)"", ""Week 7 (Sept 1 - Sept 6)""]",1,https://nyc-tourism-public.s3.amazonaws.com/srw26/menus/51359-100Feast-menu.pdf,https://www.opentable.com/restref/client/?rid=1521256,https://www.nyctourism.com/restaurant-week/100-feast/,https://www.100feast.com/en,failed
1803-nyc,1803 NYC,Manhattan,Tribeca,"82 Reade St., Manhattan, NY, 10007","[""Cajun/Creole""]","[""$30"", ""$60""]","[""dinner"", ""lunch""]","[""Week 4 (Aug 10 - Aug 16)""]",1,https://nyc-tourism-public.s3.amazonaws.com/srw26/menus/50501-1803NYC-menu.pdf,,https://www.nyctourism.com/restaurant-week/1803-nyc/,https://1803nyc.com,partial
five-napkin-burger-hells-kitchen,5 Napkin Burger - Hell's Kitchen,Manhattan,Hells Kitchen,"630 Ninth Ave., Manhattan, NY, 10036","[""Burgers"", ""American (Traditional)""]","[""$30""]","[""brunch"", ""dinner"", ""lunch""]","[""Week 4 (Aug 10 - Aug 16)"", ""Week 5 (Aug 17 - Aug 23)"", ""Week 6 (Aug 24 - Aug 31)"", ""Week 7 (Sept 1 - Sept 6)""]",1,https://nyc-tourism-public.s3.amazonaws.com/srw26/menus/41741-5NapkinBurger-Hell%27sKitchen-menu.pdf,https://www.opentable.com/restref/client/?rid=22765,https://www.nyctourism.com/restaurant-week/five-napkin-burger-hells-kitchen/,https://www.5napkinburger.com/location/hell-s-kitchen-5napkinburger,partial
53,53,Manhattan,Midtown West,"53 W. 53rd St., Manhattan, NY, 10019","[""Pan-Asian""]","[""$45""]","[""brunch"", ""lunch""]","[""Week 4 (Aug 10 - Aug 16)""]",1,,,https://www.nyctourism.com/restaurant-week/53/,https://53-nyc.com,
8282,8282,Manhattan,Lower East Side,"84 Stanton St., Manhattan, NY, 10002","[""Korean""]","[""$60""]","[""dinner""]","[""Week 4 (Aug 10 - Aug 16)"", ""Week 5 (Aug 17 - Aug 23)"", ""Week 6 (Aug 24 - Aug 31)"", ""Week 7 (Sept 1 - Sept 6)""]",1,,,https://www.nyctourism.com/restaurant-week/8282/,https://www.eightwoeightwo.com,
a-la-turka,A La Turka,Manhattan,Upper East Side,"1417 Second Ave., Manhattan, NY, 10021","[""Turkish"", ""Mediterranean""]","[""$30"", ""$45""]","[""brunch"", ""dinner"", ""lunch""]","[""Week 4 (Aug 10 - Aug 16)"", ""Week 5 (Aug 17 - Aug 23)"", ""Week 6 (Aug 24 - Aug 31)"", ""Week 7 (Sept 1 - Sept 6)""]",1,https://nyc-tourism-public.s3.amazonaws.com/srw26/menus/46105-ALaTurka-menu.pdf,https://www.opentable.com/restref/client/?rid=35173,https://www.nyctourism.com/restaurant-week/a-la-turka/,https://www.alaturkany.com,partial
a-pasta-bar,A Pasta Bar,Manhattan,Soho,"330 West Broadway, Manhattan, NY, 10013","[""Italian""]","[""$45"", ""$60""]","[""brunch"", ""dinner"", ""lunch""]","[""Week 4 (Aug 10 - Aug 16)"", ""Week 5 (Aug 17 - Aug 23)"", ""Week 6 (Aug 24 - Aug 31)""]",1,https://nyc-tourism-public.s3.amazonaws.com/srw26/menus/50504-PastaBar-menu.pdf,,https://www.nyctourism.com/restaurant-week/a-pasta-bar/,https://apastabar.com,failed
abc-cocina,ABC Cocina,Manhattan,Union Square,"38 E. 19th St., Manhattan, NY, 10003","[""Latin American"", ""Spanish""]","[""$45"", ""$60""]","[""dinner"", ""lunch""]","[""Week 4 (Aug 10 - Aug 16)"", ""Week 5 (Aug 17 - Aug 23)"", ""Week 6 (Aug 24 - Aug 31)"", ""Week 7 (Sept 1 - Sept 6)""]",1,,https://www.opentable.com/restref/client/?rid=1286,https://www.nyctourism.com/restaurant-week/abc-cocina/,https://www.abccocina.nyc,
abc-kitchen,ABC Kitchen,Manhattan,Union Square,"35 E. 18th St., Manhattan, NY, 10003","[""American (New)""]","[""$45"", ""$60""]","[""dinner"", ""lunch""]","[""Week 4 (Aug 10 - Aug 16)"", ""Week 5 (Aug 17 - Aug 23)"", ""Week 6 (Aug 24 - Aug 31)"", ""Week 7 (Sept 1 - Sept 6)""]",1,,https://www.opentable.com/restref/client/?rid=570,https://www.nyctourism.com/restaurant-week/abc-kitchen/,https://www.abckitchen.nyc,
abc-kitchens-dumbo,ABC Kitchens DUMBO,Brooklyn,Dumbo,"55 Water St., Brooklyn, NY, 11201","[""American (New)""]","[""$45"", ""$60""]","[""dinner"", ""lunch""]","[""Week 4 (Aug 10 - Aug 16)"", ""Week 5 (Aug 17 - Aug 23)"", ""Week 6 (Aug 24 - Aug 31)"", ""Week 7 (Sept 1 - Sept 6)""]",1,,https://www.opentable.com/restref/client/?rid=1464439,https://www.nyctourism.com/restaurant-week/abc-kitchens-dumbo/,https://www.abckitchensdumbo.com,
acadia,Acadia,Manhattan,Midtown West,"101 W. 57th St., Manhattan, NY, 10019","[""Mediterranean""]","[""$30"", ""$45""]","[""dinner"", ""lunch""]","[""Week 4 (Aug 10 - Aug 16)"", ""Week 5 (Aug 17 - Aug 23)"", ""Week 6 (Aug 24 - Aug 31)"", ""Week 7 (Sept 1 - Sept 6)""]",1,https://nyc-tourism-public.s3.amazonaws.com/srw26/menus/48687-Acadia-menu.pdf,https://www.opentable.com/restref/client/?rid=1322983,https://www.nyctourism.com/restaurant-week/acadia/,https://www.acadianyc.com,full
ai-fiori,Ai Fiori,Manhattan,Midtown West,"The Langham, New York, Fifth Avenue, 400 Fifth Ave., Manhattan, NY, 10018","[""Italian"", ""French"", ""Modern European""]","[""$60""]","[""dinner""]","[""Week 4 (Aug 10 - Aug 16)""]",1,,,https://www.nyctourism.com/restaurant-week/ai-fiori/,https://aifiorinyc.com,
alice,Alice,Manhattan,West Village,"126 W. 13th St., Manhattan, NY, 10011","[""Italian"", ""Seafood""]","[""$45""]","[""dinner""]","[""Week 4 (Aug 10 - Aug 16)"", ""Week 5 (Aug 17 - Aug 23)"", ""Week 6 (Aug 24 - Aug 31)"", ""Week 7 (Sept 1 - Sept 6)""]",1,https://nyc-tourism-public.s3.amazonaws.com/srw26/menus/24275-Alice-menu.pdf,,https://www.nyctourism.com/restaurant-week/alice/,https://alicenyc.com,partial
allora-fifth-ave,Allora Fifth Ave,Manhattan,Nomad,"292 Fifth Ave., Manhattan, NY, 10001","[""Italian""]","[""$30"", ""$60""]","[""brunch"", ""dinner"", ""lunch""]","[""Week 4 (Aug 10 - Aug 16)"", ""Week 5 (Aug 17 - Aug 23)"", ""Week 6 (Aug 24 - Aug 31)"", ""Week 7 (Sept 1 - Sept 6)""]",1,,https://www.opentable.com/restref/client/?rid=1262110,https://www.nyctourism.com/restaurant-week/allora-fifth-ave/,https://www.alloraristorantenyc.com/allora-5th-ave,
alta-calidad,Alta Calidad,Brooklyn,Prospect Heights,,"[""Mexican""]","[""$30"", ""$45""]","[""dinner"", ""lunch""]","[""Week 4 (Aug 10 - Aug 16)"", ""Week 5 (Aug 17 - Aug 23)"", ""Week 6 (Aug 24 - Aug 31)"", ""Week 7 (Sept 1 - Sept 6)""]",1,https://nyc-tourism-public.s3.amazonaws.com/srw26/menus/44834-AltaCalidad-menu.pdf,https://www.opentable.com/restref/client/?rid=954982,https://www.nyctourism.com/restaurant-week/alta-calidad/,https://altacalidadbk.com,partial
altesi-downtown,Altesi Downtown,Manhattan,Soho,"200 Spring St., Manhattan, NY, 10012","[""Italian""]","[""$30"", ""$60""]","[""brunch"", ""dinner"", ""lunch""]","[""Week 4 (Aug 10 - Aug 16)"", ""Week 5 (Aug 17 - Aug 23)"", ""Week 6 (Aug 24 - Aug 31)"", ""Week 7 (Sept 1 - Sept 6)""]",1,https://nyc-tourism-public.s3.amazonaws.com/srw26/menus/30900-AltesiDowntown-menu.pdf,https://www.opentable.com/restref/client/?rid=4205,https://www.nyctourism.com/restaurant-week/altesi-downtown/,https://www.altesinyc.com/downtown,partial
altesi-ristorante,Altesi Ristorante,Manhattan,Upper East Side,"26 E. 64th St., Manhattan, NY, 10065","[""Italian""]","[""$45"", ""$60""]","[""brunch"", ""dinner"", ""lunch""]","[""Week 4 (Aug 10 - Aug 16)"", ""Week 5 (Aug 17 - Aug 23)"", ""Week 6 (Aug 24 - Aug 31)"", ""Week 7 (Sept 1 - Sept 6)""]",1,https://nyc-tourism-public.s3.amazonaws.com/srw26/menus/38609-AltesiRistorante-menu.pdf,https://www.opentable.com/restref/client/?rid=145837,https://www.nyctourism.com/restaurant-week/altesi-ristorante/,https://www.altesinyc.com/madison,partial
amaranth,Amaranth,Manhattan,Upper East Side,"21 E. 62nd St., Manhattan, NY, 10065","[""Mediterranean"", ""French"", ""Italian""]","[""$45"", ""$60""]","[""brunch"", ""dinner"", ""lunch""]","[""Week 4 (Aug 10 - Aug 16)"", ""Week 5 (Aug 17 - Aug 23)"", ""Week 6 (Aug 24 - Aug 31)""]",1,https://nyc-tourism-public.s3.amazonaws.com/srw26/menus/45693-Amaranth-menu.pdf,https://www.opentable.com/restref/client/?rid=138700,https://www.nyctourism.com/restaurant-week/amaranth/,https://www.amaranthrestaurant.com,full
amasa,Amasa,Manhattan,Midtown West,"Kimpton Era Hotel, 32 W 48th St., ground fl., Manhattan, NY, 10036","[""Steakhouse"", ""Latin American""]","[""$60""]","[""dinner""]","[""Week 4 (Aug 10 - Aug 16)""]",0,https://nyc-tourism-public.s3.amazonaws.com/srw26/menus/50900-Amasa-menu.pdf,https://www.opentable.com/restref/client/?rid=1492837,https://www.nyctourism.com/restaurant-week/amasa/,https://www.amasany.com,full
american-cut-steakhouse-tribeca,American Cut Tribeca,Manhattan,Tribeca,"363 Greenwich St., Manhattan, NY, 10013","[""Steakhouse"", ""American (New)""]","[""$60""]","[""dinner""]","[""Week 4 (Aug 10 - Aug 16)"", ""Week 5 (Aug 17 - Aug 23)"", ""Week 6 (Aug 24 - Aug 31)"", ""Week 7 (Sept 1 - Sept 6)""]",0,,,https://www.nyctourism.com/restaurant-week/american-cut-steakhouse-tribeca/,https://www.americancutsteakhouse.com/location/american-cut-tribeca,
ammos-estiatorio-grand-central,Ammos Estiatorio - Grand Central,Manhattan,Midtown East,"52 Vanderbilt Ave., Manhattan, NY, 10017","[""Greek"", ""Seafood"", ""Mediterranean""]","[""$45"", ""$60""]","[""brunch"", ""dinner""]","[""Week 4 (Aug 10 - Aug 16)"", ""Week 5 (Aug 17 - Aug 23)"", ""Week 6 (Aug 24 - Aug 31)"", ""Week 7 (Sept 1 - Sept 6)""]",1,https://nyc-tourism-public.s3.amazonaws.com/srw26/menus/27978-AmmosEstiatorio-GrandCentral-menu.pdf,https://www.opentable.com/restref/client/?rid=5796,https://www.nyctourism.com/restaurant-week/ammos-estiatorio-grand-central/,https://ammosny.com,partial
amelie-upper-west-side,Amélie - Upper West Side,Manhattan,Upper West Side,"566 Amsterdam Ave., Manhattan, NY, 10024","[""French""]","[""$30"", ""$45""]","[""brunch"", ""dinner"", ""lunch""]","[""Week 4 (Aug 10 - Aug 16)"", ""Week 5 (Aug 17 - Aug 23)"", ""Week 6 (Aug 24 - Aug 31)"", ""Week 7 (Sept 1 - Sept 6)""]",1,,,https://www.nyctourism.com/restaurant-week/amelie-upper-west-side/,https://www.amelieupperwest.com,
amelie-west-village,Amélie - West Village,Manhattan,Greenwich Village,"22 W. 8th St., Manhattan, NY, 10011","[""French""]","[""$30"", ""$45""]","[""brunch"", ""dinner"", ""lunch""]","[""Week 4 (Aug 10 - Aug 16)"", ""Week 5 (Aug 17 - Aug 23)"", ""Week 6 (Aug 24 - Aug 31)"", ""Week 7 (Sept 1 - Sept 6)""]",1,,https://www.opentable.com/restref/client/?rid=82891,https://www.nyctourism.com/restaurant-week/amelie-west-village/,https://www.ameliewinebar.com/home-amelie-west,
anassa-taverna-astoria,Anassa Taverna - Astoria,Queens,Astoria,"28-10 Astoria Blvd., Queens, NY, 11102","[""Greek"", ""Mediterranean""]","[""$30"", ""$45""]","[""dinner"", ""lunch""]","[""Week 4 (Aug 10 - Aug 16)""]",0,https://nyc-tourism-public.s3.amazonaws.com/srw26/menus/46066-AnassaTaverna-Astoria-menu.pdf,,https://www.nyctourism.com/restaurant-week/anassa-taverna-astoria/,https://astoria.anassataverna.com,full
anassa-taverna-downtown,Anassa Taverna - Downtown,Manhattan,Battery Park City,"104 North End Ave., Manhattan, NY, 10282","[""Greek"", ""Mediterranean""]","[""$30"", ""$45""]","[""dinner"", ""lunch""]","[""Week 4 (Aug 10 - Aug 16)""]",0,https://nyc-tourism-public.s3.amazonaws.com/srw26/menus/46067-AnassaTaverna-Downtown-menu.pdf,,https://www.nyctourism.com/restaurant-week/anassa-taverna-downtown/,https://anassataverna.com,full
anassa-taverna,Anassa Taverna - Manhattan,Manhattan,Upper East Side,"200 E. 60th St., Manhattan, NY, 10022","[""Greek"", ""Mediterranean""]","[""$30"", ""$45""]","[""dinner"", ""lunch""]","[""Week 4 (Aug 10 - Aug 16)""]",0,https://nyc-tourism-public.s3.amazonaws.com/srw26/menus/38306-AnassaTaverna-Manhattan-menu.pdf,,https://www.nyctourism.com/restaurant-week/anassa-taverna/,https://anassataverna.com,full
animo,Animo!,Manhattan,Midtown East,"1004 Second Ave., Manhattan, NY, 10022","[""Mexican""]","[""$30"", ""$45""]","[""brunch"", ""dinner"", ""lunch""]","[""Week 4 (Aug 10 - Aug 16)"", ""Week 5 (Aug 17 - Aug 23)"", ""Week 6 (Aug 24 - Aug 31)"", ""Week 7 (Sept 1 - Sept 6)""]",1,https://nyc-tourism-public.s3.amazonaws.com/srw26/menus/49757-Animo-menu.pdf,https://www.opentable.com/restref/client/?rid=1421236,https://www.nyctourism.com/restaurant-week/animo/,https://animonyc.com,full
antica-pesa,Antica Pesa,Brooklyn,Williamsburg,"115 Berry St., Brooklyn, NY, 11249","[""Italian""]","[""$60""]","[""dinner""]","[""Week 4 (Aug 10 - Aug 16)"", ""Week 5 (Aug 17 - Aug 23)"", ""Week 6 (Aug 24 - Aug 31)""]",1,https://nyc-tourism-public.s3.amazonaws.com/srw26/menus/37936-AnticaPesa-menu.pdf,,https://www.nyctourism.com/restaurant-week/antica-pesa/,https://www.anticapesa.com/antica-pesa-newyork,partial
aqua-boil,Aqua Boil,Manhattan,Hells Kitchen,"750 Ninth Ave., Manhattan, NY, 10019","[""Seafood""]","[""$60""]","[""brunch"", ""dinner"", ""lunch""]","[""Week 4 (Aug 10 - Aug 16)"", ""Week 5 (Aug 17 - Aug 23)"", ""Week 6 (Aug 24 - Aug 31)"", ""Week 7 (Sept 1 - Sept 6)""]",1,https://nyc-tourism-public.s3.amazonaws.com/srw26/menus/41672-AquaBoil-menu.pdf,https://www.opentable.com/restref/client/?rid=1401595,https://www.nyctourism.com/restaurant-week/aqua-boil/,https://www.aquaboilnyc.com,failed
aqua-new-york,Aqua Kyoto,Manhattan,Flatiron District,"902 Broadway, Manhattan, NY, 10010","[""Japanese / Sushi"", ""Eclectic"", ""Italian""]","[""$30"", ""$60""]","[""dinner"", ""lunch""]","[""Week 4 (Aug 10 - Aug 16)"", ""Week 5 (Aug 17 - Aug 23)"", ""Week 6 (Aug 24 - Aug 31)"", ""Week 7 (Sept 1 - Sept 6)""]",1,https://nyc-tourism-public.s3.amazonaws.com/srw26/menus/49385-AquaKyoto-menu.pdf,,https://www.nyctourism.com/restaurant-week/aqua-new-york/,https://aqua-nyc.com,full
aqua-roma,Aqua Roma,Manhattan,Flatiron District,"902 Broadway, Manhattan, NY, 10010","[""Italian"", ""Eclectic"", ""Japanese / Sushi""]","[""$30"", ""$60""]","[""dinner"", ""lunch""]","[""Week 4 (Aug 10 - Aug 16)"", ""Week 5 (Aug 17 - Aug 23)"", ""Week 6 (Aug 24 - Aug 31)"", ""Week 7 (Sept 1 - Sept 6)""]",1,https://nyc-tourism-public.s3.amazonaws.com/srw26/menus/50294-AquaRoma-menu.pdf,https://www.opentable.com/restref/client/?rid=1410643,https://www.nyctourism.com/restaurant-week/aqua-roma/,https://aqua-nyc.com,partial
archer-goat,Archer & Goat,Manhattan,Harlem,"187 Lenox Ave., Manhattan, NY, 10026","[""American (New)""]","[""$45""]","[""dinner""]","[""Week 4 (Aug 10 - Aug 16)"", ""Week 5 (Aug 17 - Aug 23)"", ""Week 6 (Aug 24 - Aug 31)"", ""Week 7 (Sept 1 - Sept 6)""]",1,,,https://www.nyctourism.com/restaurant-week/archer-goat/,https://www.archerandgoat.com,
aromi,Aromi,Brooklyn,Carroll Gardens,"552 Court St., Brooklyn, NY, 11231","[""Italian"", ""Pizza""]","[""$45""]","[""brunch"", ""dinner""]","[""Week 4 (Aug 10 - Aug 16)"", ""Week 5 (Aug 17 - Aug 23)"", ""Week 6 (Aug 24 - Aug 31)"", ""Week 7 (Sept 1 - Sept 6)""]",1,,,https://www.nyctourism.com/restaurant-week/aromi/,https://www.arominyc.com,
arte-cafe,Arte Cafe,Manhattan,Upper West Side,"106 W. 73rd St., Manhattan, NY, 10023","[""Italian""]","[""$30"", ""$45""]","[""brunch"", ""dinner"", ""lunch""]","[""Week 4 (Aug 10 - Aug 16)"", ""Week 5 (Aug 17 - Aug 23)"", ""Week 6 (Aug 24 - Aug 31)"", ""Week 7 (Sept 1 - Sept 6)""]",1,https://nyc-tourism-public.s3.amazonaws.com/srw26/menus/39114-ArteCafe-menu.pdf,https://www.opentable.com/restref/client/?rid=3601,https://www.nyctourism.com/restaurant-week/arte-cafe/,https://www.artecafenyc.com,full
arthur-and-sons-murray-hill,Arthur & Sons - Murray Hill,Manhattan,Murray Hill,"145 E. 39th. St., Manhattan, NY, 10016","[""Italian""]","[""$45""]","[""dinner""]","[""Week 4 (Aug 10 - Aug 16)"", ""Week 5 (Aug 17 - Aug 23)"", ""Week 6 (Aug 24 - Aug 31)"", ""Week 7 (Sept 1 - Sept 6)""]",1,,,https://www.nyctourism.com/restaurant-week/arthur-and-sons-murray-hill/,https://arthurandsonsnyc.com/pages/murray-hill,
arvine,Arvine,Manhattan,West Village,"19 Greenwich Ave., Manhattan, NY, 10014","[""American (New)""]","[""$60""]","[""dinner""]","[""Week 4 (Aug 10 - Aug 16)""]",0,https://nyc-tourism-public.s3.amazonaws.com/srw26/menus/51128-Arvine-menu.pdf,https://www.opentable.com/restref/client/?rid=1469344,https://www.nyctourism.com/restaurant-week/arvine/,https://www.arvine.com,partial
askili-orchard,Askili Orchard,Manhattan,West Village,"401 Sixth Ave., Manhattan, NY, 10014","[""Georgian"", ""Eastern European""]","[""$30"", ""$60""]","[""brunch"", ""dinner"", ""lunch""]","[""Week 4 (Aug 10 - Aug 16)"", ""Week 5 (Aug 17 - Aug 23)"", ""Week 6 (Aug 24 - Aug 31)"", ""Week 7 (Sept 1 - Sept 6)""]",1,https://nyc-tourism-public.s3.amazonaws.com/srw26/menus/51331-AskiliOrchard-menu.pdf,https://www.opentable.com/restref/client/?rid=1470478,https://www.nyctourism.com/restaurant-week/askili-orchard/,https://askiliorchard.com,full
atlantis-prime,Atlantis Prime,Manhattan,Herald Square,"38 W. 36th St., Manhattan, NY, 10018","[""Steakhouse"", ""Seafood""]","[""$30"", ""$60""]","[""brunch"", ""dinner"", ""lunch""]","[""Week 4 (Aug 10 - Aug 16)"", ""Week 5 (Aug 17 - Aug 23)"", ""Week 6 (Aug 24 - Aug 31)"", ""Week 7 (Sept 1 - Sept 6)""]",1,https://nyc-tourism-public.s3.amazonaws.com/srw26/menus/49734-AtlantisPrime-menu.pdf,,https://www.nyctourism.com/restaurant-week/atlantis-prime/,https://www.atlantisprimerestaurant.com,full
atoboy,Atoboy,Manhattan,Nomad,"43 E. 28th St., Manhattan, NY, 10016","[""Korean""]","[""$60""]","[""dinner""]","[""Week 4 (Aug 10 - Aug 16)"", ""Week 5 (Aug 17 - Aug 23)"", ""Week 6 (Aug 24 - Aug 31)"", ""Week 7 (Sept 1 - Sept 6)""]",1,https://nyc-tourism-public.s3.amazonaws.com/srw26/menus/40407-Atoboy-menu.pdf,,https://www.nyctourism.com/restaurant-week/atoboy/,https://www.atoboynyc.com,partial
atrio-bar-restaurant,Atrio Wine Bar & Restaurant,Manhattan,Battery Park City,"Conrad New York Downtown, 102 North End Ave., Manhattan, NY, 10282","[""American (New)""]","[""$45"", ""$60""]","[""dinner"", ""lunch""]","[""Week 4 (Aug 10 - Aug 16)"", ""Week 5 (Aug 17 - Aug 23)"", ""Week 6 (Aug 24 - Aug 31)"", ""Week 7 (Sept 1 - Sept 6)""]",1,https://nyc-tourism-public.s3.amazonaws.com/srw26/menus/37199-AtrioWineBar%26Restaurant-menu.pdf,https://www.opentable.com/restref/client/?rid=78982,https://www.nyctourism.com/restaurant-week/atrio-bar-restaurant/,https://www.hilton.com/en/hotels/nyccici-conrad-new-york-downtown/dining/atrio-wine-bar-restaurant,full
audace,Audace,Manhattan,Nomad,"365 Park Ave. South, Manhattan, NY, 10016","[""Italian""]","[""$30"", ""$60""]","[""brunch"", ""dinner"", ""lunch""]","[""Week 4 (Aug 10 - Aug 16)"", ""Week 5 (Aug 17 - Aug 23)"", ""Week 6 (Aug 24 - Aug 31)"", ""Week 7 (Sept 1 - Sept 6)""]",1,https://nyc-tourism-public.s3.amazonaws.com/srw26/menus/50455-Audace-menu.pdf,https://www.opentable.com/restref/client/?rid=1394212,https://www.nyctourism.com/restaurant-week/audace/,https://audacenyc.com,full
ayza-wine-and-chocolate-bar,Ayza,Manhattan,Koreatown,"11 W. 31st St., Manhattan, NY, 10001","[""American (New)""]","[""$45""]","[""dinner""]","[""Week 4 (Aug 10 - Aug 16)"", ""Week 5 (Aug 17 - Aug 23)"", ""Week 6 (Aug 24 - Aug 31)"", ""Week 7 (Sept 1 - Sept 6)""]",1,https://nyc-tourism-public.s3.amazonaws.com/srw26/menus/49515-AyzaWine%26ChocolateBar-menu.pdf,,https://www.nyctourism.com/restaurant-week/ayza-wine-and-chocolate-bar/,https://ayzanyc.com,full
bkk-new-york,BKK New York,Manhattan,Midtown West,"238 W. 56th St., Manhattan, NY, 10019","[""Thai""]","[""$30"", ""$45""]","[""brunch"", ""dinner"", ""lunch""]","[""Week 4 (Aug 10 - Aug 16)"", ""Week 5 (Aug 17 - Aug 23)"", ""Week 6 (Aug 24 - Aug 31)"", ""Week 7 (Sept 1 - Sept 6)""]",1,https://nyc-tourism-public.s3.amazonaws.com/srw26/menus/49686-BKKNewYork-menu.pdf,https://www.opentable.com/restref/client/?rid=1415416,https://www.nyctourism.com/restaurant-week/bkk-new-york/,https://www.bkknewyork.com,partial
blt-prime,BLT Prime,Manhattan,Upper East Side,"1032 Lexington Ave., Manhattan, NY, 10021","[""Steakhouse""]","[""$60""]","[""dinner""]","[""Week 4 (Aug 10 - Aug 16)"", ""Week 5 (Aug 17 - Aug 23)"", ""Week 6 (Aug 24 - Aug 31)""]",1,https://nyc-tourism-public.s3.amazonaws.com/srw26/menus/27561-BLTPrime-menu.pdf,https://www.opentable.com/restref/client/?rid=1039201,https://www.nyctourism.com/restaurant-week/blt-prime/,https://www.bltrestaurants.com/location/blt-prime-new-york,partial
bota-supper-club,BOTA Supper Club,Staten Island,St. George,"402 St. Marks Pl., Staten Island, NY, 10301","[""American (New)""]","[""$60""]","[""dinner""]","[""Week 4 (Aug 10 - Aug 16)"", ""Week 5 (Aug 17 - Aug 23)"", ""Week 6 (Aug 24 - Aug 31)"", ""Week 7 (Sept 1 - Sept 6)""]",1,,https://www.opentable.com/restref/client/?rid=1388074,https://www.nyctourism.com/restaurant-week/bota-supper-club/,https://botasupperclub.com,
baci-and-abbracci,Baci & Abbracci,Brooklyn,Williamsburg,"204 Grand St., Brooklyn, NY, 11211","[""Italian""]","[""$30""]","[""dinner""]","[""Week 4 (Aug 10 - Aug 16)"", ""Week 5 (Aug 17 - Aug 23)"", ""Week 6 (Aug 24 - Aug 31)"", ""Week 7 (Sept 1 - Sept 6)""]",1,https://nyc-tourism-public.s3.amazonaws.com/srw26/menus/49208-Baci%26Abbracci-menu.pdf,https://www.opentable.com/restref/client/?rid=20914,https://www.nyctourism.com/restaurant-week/baci-and-abbracci/,https://www.baciny.com,full
baciccia-pizza-e-cucina,Baciccia Pizza e Cucina,Brooklyn,Park Slope,"426A 7th Ave., Brooklyn, NY, 11215","[""Italian"", ""Pizza""]","[""$45""]","[""dinner""]","[""Week 4 (Aug 10 - Aug 16)"", ""Week 5 (Aug 17 - Aug 23)"", ""Week 6 (Aug 24 - Aug 31)"", ""Week 7 (Sept 1 - Sept 6)""]",1,https://nyc-tourism-public.s3.amazonaws.com/srw26/menus/49764-BacicciaPizzaeCucina-menu.pdf,,https://www.nyctourism.com/restaurant-week/baciccia-pizza-e-cucina/,https://bacicciabrooklyn.com,failed
bad-roman,Bad Roman,Manhattan,Upper West Side,"10 Columbus Circle, 3rd fl., Manhattan, NY, 10019","[""Italian""]","[""$60""]","[""lunch""]","[""Week 4 (Aug 10 - Aug 16)""]",0,https://nyc-tourism-public.s3.amazonaws.com/srw26/menus/47989-BadRoman-menu.pdf,https://www.opentable.com/restref/client/?rid=1268701,https://www.nyctourism.com/restaurant-week/bad-roman/,https://www.badromannyc.com,full
baires-grill-new-york,Baires Grill New York,Manhattan,Hells Kitchen,"350 W. 50th St., Manhattan, NY, 10019","[""Argentinian"", ""Steakhouse"", ""Latin American""]","[""$30"", ""$60""]","[""dinner"", ""lunch""]","[""Week 4 (Aug 10 - Aug 16)"", ""Week 5 (Aug 17 - Aug 23)"", ""Week 6 (Aug 24 - Aug 31)"", ""Week 7 (Sept 1 - Sept 6)""]",1,https://nyc-tourism-public.s3.amazonaws.com/srw26/menus/49863-BairesGrillNewYork-menu.pdf,https://www.opentable.com/restref/client/?rid=1282117,https://www.nyctourism.com/restaurant-week/baires-grill-new-york/,https://www.bairesgrill.com/new-york,full
balade,Balade,Manhattan,East Village,"208 First Ave., Manhattan, NY, 10009","[""Middle Eastern"", ""Mediterranean""]","[""$45""]","[""brunch"", ""dinner"", ""lunch""]","[""Week 4 (Aug 10 - Aug 16)"", ""Week 5 (Aug 17 - Aug 23)"", ""Week 6 (Aug 24 - Aug 31)"", ""Week 7 (Sept 1 - Sept 6)""]",1,https://nyc-tourism-public.s3.amazonaws.com/srw26/menus/48315-Balade-menu.pdf,https://www.opentable.com/restref/client/?rid=41515,https://www.nyctourism.com/restaurant-week/balade/,https://www.baladerestaurants.com,partial
bananas,Bananas,Manhattan,East Village,"174 First Ave., Manhattan, NY, 10009","[""American (New)""]","[""$45""]","[""dinner""]","[""Week 4 (Aug 10 - Aug 16)"", ""Week 5 (Aug 17 - Aug 23)"", ""Week 6 (Aug 24 - Aug 31)"", ""Week 7 (Sept 1 - Sept 6)""]",1,https://nyc-tourism-public.s3.amazonaws.com/srw26/menus/49803-Bananas-menu.pdf,https://www.opentable.com/restref/client/?rid=1377592,https://www.nyctourism.com/restaurant-week/bananas/,https://www.bananasrestaurant.com,full
bar-bianchi,Bar Bianchi,Manhattan,East Village,"5 Avenue A, Manhattan, NY, 10009","[""Italian""]","[""$30"", ""$45""]","[""brunch"", ""dinner"", ""lunch""]","[""Week 4 (Aug 10 - Aug 16)""]",1,https://nyc-tourism-public.s3.amazonaws.com/srw26/menus/50495-BarBianchi-menu.pdf,,https://www.nyctourism.com/restaurant-week/bar-bianchi/,https://www.barbianchinyc.com,full
bar-chuzo,Bar Chuzo,Brooklyn,Bay Ridge,"9324 3rd Ave., Brooklyn, NY, 11209","[""Latin American""]","[""$45"", ""$60""]","[""brunch"", ""dinner"", ""lunch""]","[""Week 4 (Aug 10 - Aug 16)"", ""Week 5 (Aug 17 - Aug 23)"", ""Week 6 (Aug 24 - Aug 31)"", ""Week 7 (Sept 1 - Sept 6)""]",1,,,https://www.nyctourism.com/restaurant-week/bar-chuzo/,https://www.barcrudobk.com,
bar-lola,Bar Lola,Manhattan,Times Square/Theatre District,"346 W. 46th St., Manhattan, NY, 10036","[""Eclectic"", ""French"", ""Bars/Cocktails""]","[""$30"", ""$45""]","[""brunch"", ""dinner""]","[""Week 4 (Aug 10 - Aug 16)""]",1,https://nyc-tourism-public.s3.amazonaws.com/srw26/menus/50638-BarLola-menu.pdf,https://www.opentable.com/restref/client/?rid=1496218,https://www.nyctourism.com/restaurant-week/bar-lola/,https://www.barlolanyc.com,failed
bar-mercer,Bar Mercer,Manhattan,Soho,"25 W. Houston St., Manhattan, NY, 10012","[""Gastropub"", ""American (Traditional)""]","[""$45"", ""$60""]","[""brunch"", ""dinner""]","[""Week 4 (Aug 10 - Aug 16)"", ""Week 5 (Aug 17 - Aug 23)"", ""Week 6 (Aug 24 - Aug 31)"", ""Week 7 (Sept 1 - Sept 6)""]",1,https://nyc-tourism-public.s3.amazonaws.com/srw26/menus/50311-BarMercer-menu.pdf,https://www.opentable.com/restref/client/?rid=47851,https://www.nyctourism.com/restaurant-week/bar-mercer/,https://www.barmercer.com,partial
bar-primi-penn-district,Bar Primi - Penn District,Manhattan,Chelsea,"349 W. 33rd St., Manhattan, NY, 10001","[""Italian""]","[""$30""]","[""brunch"", ""lunch""]","[""Week 4 (Aug 10 - Aug 16)""]",1,https://nyc-tourism-public.s3.amazonaws.com/srw26/menus/49025-BarPrimi-PennDistrict-menu.pdf,https://www.opentable.com/restref/client/?rid=1357930,https://www.nyctourism.com/restaurant-week/bar-primi-penn-district/,https://www.barprimi.com/location/bar-primi-penn-district,partial
bar-rocco,Bar Rocco,Manhattan,Midtown West,"Kimpton Era Hotel, 32 W. 48th St., 2nd fl., Manhattan, NY, 10036","[""Italian""]","[""$45"", ""$60""]","[""dinner"", ""lunch""]","[""Week 4 (Aug 10 - Aug 16)""]",0,https://nyc-tourism-public.s3.amazonaws.com/srw26/menus/50899-BarRocco-menu.pdf,https://www.opentable.com/restref/client/?rid=1492840,https://www.nyctourism.com/restaurant-week/bar-rocco/,https://www.barroccony.com,full
bar-sprezzatura,Bar Sprezzatura,Manhattan,Times Square/Theatre District,"251 W. 48th St., Manhattan, NY, 10019","[""Italian""]","[""$45"", ""$60""]","[""brunch"", ""dinner"", ""lunch""]","[""Week 4 (Aug 10 - Aug 16)"", ""Week 5 (Aug 17 - Aug 23)"", ""Week 6 (Aug 24 - Aug 31)"", ""Week 7 (Sept 1 - Sept 6)""]",1,https://nyc-tourism-public.s3.amazonaws.com/srw26/menus/49419-BarSprezzatura-menu.pdf,,https://www.nyctourism.com/restaurant-week/bar-sprezzatura/,https://www.barsprezzaturanyc.com,partial
barano,Barano,Brooklyn,Williamsburg,"26 Broadway, Brooklyn, NY, 11249","[""Italian""]","[""$45""]","[""dinner""]","[""Week 4 (Aug 10 - Aug 16)"", ""Week 5 (Aug 17 - Aug 23)"", ""Week 6 (Aug 24 - Aug 31)"", ""Week 7 (Sept 1 - Sept 6)""]",1,,https://www.opentable.com/restref/client/?rid=189313,https://www.nyctourism.com/restaurant-week/barano/,https://www.baranobk.com,
barawine-harlem,Barawine,Manhattan,Harlem,"200 Lenox Ave., Manhattan, NY, 10027","[""French""]","[""$45""]","[""brunch"", ""dinner""]","[""Week 4 (Aug 10 - Aug 16)"", ""Week 5 (Aug 17 - Aug 23)"", ""Week 6 (Aug 24 - Aug 31)"", ""Week 7 (Sept 1 - Sept 6)""]",1,https://nyc-tourism-public.s3.amazonaws.com/srw26/menus/39191-Barawine-menu.pdf,https://www.opentable.com/restref/client/?rid=114856,https://www.nyctourism.com/restaurant-week/barawine-harlem/,https://www.barawine.com,partial
barbalu-bklyn,Barbalu Bklyn,Brooklyn,Boerum Hill,"68 Bergen St., Brooklyn, NY, 11201","[""Italian""]","[""$30"", ""$60""]","[""dinner"", ""lunch""]","[""Week 4 (Aug 10 - Aug 16)"", ""Week 5 (Aug 17 - Aug 23)"", ""Week 6 (Aug 24 - Aug 31)"", ""Week 7 (Sept 1 - Sept 6)""]",0,https://nyc-tourism-public.s3.amazonaws.com/srw26/menus/46592-BarbaluBklyn-menu.pdf,,https://www.nyctourism.com/restaurant-week/barbalu-bklyn/,https://www.barbalu.com,partial
barbounia,Barbounia,Manhattan,Gramercy,"250 Park Ave. South, Manhattan, NY, 10003","[""Mediterranean""]","[""$45"", ""$60""]","[""dinner"", ""lunch""]","[""Week 4 (Aug 10 - Aug 16)""]",1,https://nyc-tourism-public.s3.amazonaws.com/srw26/menus/27737-Barbounia-menu.pdf,https://www.opentable.com/restref/client/?rid=5072,https://www.nyctourism.com/restaurant-week/barbounia/,https://barbounia.com,full
barlume,Barlume,Manhattan,Flatiron District,"900 Broadway, Manhattan, NY, 10003","[""Mediterranean"", ""Bars/Cocktails""]","[""$30"", ""$45""]","[""dinner"", ""lunch""]","[""Week 4 (Aug 10 - Aug 16)"", ""Week 5 (Aug 17 - Aug 23)"", ""Week 6 (Aug 24 - Aug 31)"", ""Week 7 (Sept 1 - Sept 6)""]",0,,,https://www.nyctourism.com/restaurant-week/barlume/,https://barlume.com,
beauty-essex,Beauty & Essex,Manhattan,Lower East Side,"146 Essex St., Manhattan, NY, 10002","[""American (New)"", ""Eclectic""]","[""$45""]","[""dinner""]","[""Week 4 (Aug 10 - Aug 16)"", ""Week 5 (Aug 17 - Aug 23)"", ""Week 6 (Aug 24 - Aug 31)"", ""Week 7 (Sept 1 - Sept 6)""]",0,,https://www.opentable.com/restref/client/?rid=52456,https://www.nyctourism.com/restaurant-week/beauty-essex/,https://beautyandessex.com/new-york,
becco,Becco,Manhattan,Times Square/Theatre District,"355 W. 46th St., Manhattan, NY, 10036","[""Italian""]","[""$60""]","[""dinner""]","[""Week 4 (Aug 10 - Aug 16)""]",1,,https://www.opentable.com/restref/client/?rid=15586,https://www.nyctourism.com/restaurant-week/becco/,https://www.becco-nyc.com,
ben-jacks-steakhouse-44th-street,Ben & Jack's 44th Street,Manhattan,Midtown East,"219 E. 44th St., Manhattan, NY, 10017","[""Steakhouse""]","[""$45"", ""$60""]","[""dinner"", ""lunch""]","[""Week 4 (Aug 10 - Aug 16)"", ""Week 5 (Aug 17 - Aug 23)"", ""Week 6 (Aug 24 - Aug 31)"", ""Week 7 (Sept 1 - Sept 6)""]",0,https://nyc-tourism-public.s3.amazonaws.com/srw26/menus/34790-Ben%26Jack%27sSteakhouse44thStreet-menu.pdf,https://www.opentable.com/restref/client/?rid=13717,https://www.nyctourism.com/restaurant-week/ben-jacks-steakhouse-44th-street/,https://benandjackssteakhouse.com,full
benihana,Benihana,Manhattan,Midtown West,"47 W. 56th St., Manhattan, NY, 10019","[""Japanese / Sushi"", ""Asian Fusion""]","[""$60""]","[""dinner"", ""lunch""]","[""Week 4 (Aug 10 - Aug 16)""]",1,https://nyc-tourism-public.s3.amazonaws.com/srw26/menus/7397-Benihana-menu.pdf,https://www.opentable.com/restref/client/?rid=87049,https://www.nyctourism.com/restaurant-week/benihana/,https://www.benihana.com/locations/newyorkwest-ny-we,full
benjamin-prime,Benjamin Prime,Manhattan,Murray Hill,"23 E. 40th St., Manhattan, NY, 10016","[""Steakhouse"", ""American (Traditional)""]","[""$45"", ""$60""]","[""dinner"", ""lunch""]","[""Week 4 (Aug 10 - Aug 16)"", ""Week 5 (Aug 17 - Aug 23)"", ""Week 6 (Aug 24 - Aug 31)""]",0,,https://www.opentable.com/restref/client/?rid=333250,https://www.nyctourism.com/restaurant-week/benjamin-prime/,https://benjaminsteakhouse.com/prime,
benjamin-steakhouse,Benjamin Steakhouse,Manhattan,Midtown East,"52 E. 41st St., Manhattan, NY, 10017","[""Steakhouse""]","[""$45"", ""$60""]","[""brunch"", ""dinner"", ""lunch""]","[""Week 4 (Aug 10 - Aug 16)"", ""Week 5 (Aug 17 - Aug 23)"", ""Week 6 (Aug 24 - Aug 31)""]",1,,https://www.opentable.com/restref/client/?rid=10918,https://www.nyctourism.com/restaurant-week/benjamin-steakhouse/,https://benjaminsteakhouse.com/nyc,
benny-johns-bar-and-grill,Benny John's Bar and Grill,Manhattan,Midtown East,"8 E. 48th St., Manhattan, NY, 10017","[""Steakhouse""]","[""$30"", ""$60""]","[""dinner"", ""lunch""]","[""Week 4 (Aug 10 - Aug 16)"", ""Week 5 (Aug 17 - Aug 23)"", ""Week 6 (Aug 24 - Aug 31)"", ""Week 7 (Sept 1 - Sept 6)""]",0,https://nyc-tourism-public.s3.amazonaws.com/srw26/menus/48159-BennyJohn%27sBarandGrill-menu.pdf,https://www.opentable.com/restref/client/?rid=1317547,https://www.nyctourism.com/restaurant-week/benny-johns-bar-and-grill/,https://www.bennyjohnsnyc.com,full
benoit-restaurant-wine-bar,Benoit Restaurant & Wine Bar,Manhattan,Midtown West,"60 W. 55th St., Manhattan, NY, 10019","[""French""]","[""$45"", ""$60""]","[""dinner"", ""lunch""]","[""Week 4 (Aug 10 - Aug 16)"", ""Week 5 (Aug 17 - Aug 23)"", ""Week 6 (Aug 24 - Aug 31)"", ""Week 7 (Sept 1 - Sept 6)""]",1,https://nyc-tourism-public.s3.amazonaws.com/srw26/menus/32478-BenoitRestaurant%26WineBar-menu.pdf,https://www.opentable.com/restref/client/?rid=21025,https://www.nyctourism.com/restaurant-week/benoit-restaurant-wine-bar/,https://www.benoitny.com,partial
berimbau-brazilian-kitchen-midtown,Berimbau - Midtown,Manhattan,Herald Square,"3 W. 36th St., Manhattan, NY, 10018","[""Brazilian""]","[""$60""]","[""dinner""]","[""Week 4 (Aug 10 - Aug 16)""]",1,https://nyc-tourism-public.s3.amazonaws.com/srw26/menus/49881-BerimbauBrazilianKitchen-Midtown-menu.pdf,,https://www.nyctourism.com/restaurant-week/berimbau-brazilian-kitchen-midtown/,https://www.berimbaunyc.com,full
bistro-eloise,Bistro Eloise,Queens,Jackson Heights,"75-57 31st Ave., Queens, NY, 11370","[""French""]","[""$45"", ""$60""]","[""brunch"", ""dinner"", ""lunch""]","[""Week 4 (Aug 10 - Aug 16)"", ""Week 5 (Aug 17 - Aug 23)"", ""Week 6 (Aug 24 - Aug 31)"", ""Week 7 (Sept 1 - Sept 6)""]",1,,https://www.opentable.com/restref/client/?rid=1057504,https://www.nyctourism.com/restaurant-week/bistro-eloise/,https://bistroeloise.com,
bixi,Bixi,Manhattan,Harlem,"2164 Frederick Douglass Blvd., Manhattan, NY, 10026","[""Asian Fusion""]","[""$45""]","[""dinner""]","[""Week 4 (Aug 10 - Aug 16)"", ""Week 5 (Aug 17 - Aug 23)"", ""Week 6 (Aug 24 - Aug 31)"", ""Week 7 (Sept 1 - Sept 6)""]",1,https://nyc-tourism-public.s3.amazonaws.com/srw26/menus/45644-Bixi-menu.pdf,https://www.opentable.com/restref/client/?rid=1154983,https://www.nyctourism.com/restaurant-week/bixi/,https://bixiharlem.com,partial
blackbarn,Blackbarn,Manhattan,Nomad,"19 E. 26th St., Manhattan, NY, 10010","[""American (New)""]","[""$45"", ""$60""]","[""brunch"", ""dinner"", ""lunch""]","[""Week 4 (Aug 10 - Aug 16)""]",1,https://nyc-tourism-public.s3.amazonaws.com/srw26/menus/39236-Blackbarn-menu.pdf,https://www.opentable.com/restref/client/?rid=5337,https://www.nyctourism.com/restaurant-week/blackbarn/,https://www.blackbarnrestaurant.com,full
blue-fin,Blue Fin,Manhattan,Times Square/Theatre District,"W New YorkâTimes Square, 1567 Broadway, Manhattan, NY, 10036","[""Seafood""]","[""$60""]","[""dinner""]","[""Week 4 (Aug 10 - Aug 16)"", ""Week 5 (Aug 17 - Aug 23)"", ""Week 6 (Aug 24 - Aug 31)"", ""Week 7 (Sept 1 - Sept 6)""]",1,https://nyc-tourism-public.s3.amazonaws.com/srw26/menus/20975-BlueFin-menu.pdf,https://www.opentable.com/restref/client/?rid=30505,https://www.nyctourism.com/restaurant-week/blue-fin/,https://www.bluefinnyc.com,full
bobo,Bobo,Manhattan,West Village,"181 W. 10th St., Manhattan, NY, 10014","[""French""]","[""$45""]","[""dinner""]","[""Week 4 (Aug 10 - Aug 16)""]",1,https://nyc-tourism-public.s3.amazonaws.com/srw26/menus/39484-Bobo-menu.pdf,,https://www.nyctourism.com/restaurant-week/bobo/,https://www.bobonyc.com,full
bocado-cafe,Bocado Cafe,Manhattan,Upper East Side,"1293 Lexington Ave., Manhattan, NY, 10128","[""American (New)"", ""Italian""]","[""$30"", ""$45""]","[""dinner"", ""lunch""]","[""Week 4 (Aug 10 - Aug 16)"", ""Week 5 (Aug 17 - Aug 23)"", ""Week 6 (Aug 24 - Aug 31)"", ""Week 7 (Sept 1 - Sept 6)""]",1,https://nyc-tourism-public.s3.amazonaws.com/srw26/menus/40012-BocadoCafe-menu.pdf,https://www.opentable.com/restref/client/?rid=160741,https://www.nyctourism.com/restaurant-week/bocado-cafe/,https://bocadocafenyc.com,full
bocca-di-bacco-chelsea,Bocca Di Bacco—Chelsea,Manhattan,Chelsea,"169 Ninth Ave., Manhattan, NY, 10011","[""Italian""]","[""$30"", ""$45""]","[""brunch"", ""dinner"", ""lunch""]","[""Week 4 (Aug 10 - Aug 16)"", ""Week 5 (Aug 17 - Aug 23)"", ""Week 6 (Aug 24 - Aug 31)"", ""Week 7 (Sept 1 - Sept 6)""]",1,https://nyc-tourism-public.s3.amazonaws.com/srw26/menus/39473-BoccaDiBacco-Chelsea-menu.pdf,https://www.opentable.com/restref/client/?rid=100966,https://www.nyctourism.com/restaurant-week/bocca-di-bacco-chelsea/,https://www.boccadibacconyc.com/location/bocca-di-bacco-chelsea,full
bocca-di-bacco-hells-kitchen,Bocca Di Bacco—Hell's Kitchen,Manhattan,Hells Kitchen,"828 Ninth Ave., Manhattan, NY, 10019","[""Italian""]","[""$30"", ""$45""]","[""brunch"", ""dinner"", ""lunch""]","[""Week 4 (Aug 10 - Aug 16)"", ""Week 5 (Aug 17 - Aug 23)"", ""Week 6 (Aug 24 - Aug 31)"", ""Week 7 (Sept 1 - Sept 6)""]",1,https://nyc-tourism-public.s3.amazonaws.com/srw26/menus/39483-BoccaDiBacco-Hell%27sKitchen-menu.pdf,https://www.opentable.com/restref/client/?rid=17530,https://www.nyctourism.com/restaurant-week/bocca-di-bacco-hells-kitchen/,https://www.boccadibacconyc.com/location/bocca-di-bacco-hells-kitchen,full
bocca-di-bacco-theatre-district,Bocca Di Bacco—Theatre District,Manhattan,Hells Kitchen,"635 Ninth Ave., Manhattan, NY, 10036","[""Italian""]","[""$30"", ""$45""]","[""brunch"", ""dinner"", ""lunch""]","[""Week 4 (Aug 10 - Aug 16)"", ""Week 5 (Aug 17 - Aug 23)"", ""Week 6 (Aug 24 - Aug 31)"", ""Week 7 (Sept 1 - Sept 6)""]",1,https://nyc-tourism-public.s3.amazonaws.com/srw26/menus/39125-BoccaDiBacco-TheatreDistrict-menu.pdf,https://www.opentable.com/restref/client/?rid=4478,https://www.nyctourism.com/restaurant-week/bocca-di-bacco-theatre-district/,https://www.boccadibacconyc.com/location/bocca-di-bacco-theater-district,full
bond-45,Bond 45,Manhattan,Times Square/Theatre District,"221 W. 46th St., Manhattan, NY, 10036","[""Italian"", ""Steakhouse"", ""Seafood""]","[""$45""]","[""lunch""]","[""Week 4 (Aug 10 - Aug 16)"", ""Week 5 (Aug 17 - Aug 23)"", ""Week 6 (Aug 24 - Aug 31)"", ""Week 7 (Sept 1 - Sept 6)""]",0,https://nyc-tourism-public.s3.amazonaws.com/srw26/menus/26385-Bond45-menu.pdf,https://www.opentable.com/restref/client/?rid=34009,https://www.nyctourism.com/restaurant-week/bond-45/,https://www.bond45ny.com,full
bonsaii-tapas-and-wine-bar,Bonsaii Tapas & Wine Bar,Manhattan,Midtown East,"127 E. 55th St., Manhattan, NY, 10022","[""Continental"", ""Eclectic""]","[""$30"", ""$45""]","[""brunch"", ""dinner"", ""lunch""]","[""Week 4 (Aug 10 - Aug 16)""]",1,https://nyc-tourism-public.s3.amazonaws.com/srw26/menus/50462-BonsaiiTapas%26WineBar-menu.pdf,https://www.opentable.com/restref/client/?rid=1294486,https://www.nyctourism.com/restaurant-week/bonsaii-tapas-and-wine-bar/,https://bonsaiirestaurant.com,partial
boro-brine,Boro Brine,Brooklyn,Williamsburg,"109 S. 6th St., Brooklyn, NY, 11249","[""Seafood""]","[""$60""]","[""dinner""]","[""Week 4 (Aug 10 - Aug 16)"", ""Week 5 (Aug 17 - Aug 23)"", ""Week 6 (Aug 24 - Aug 31)"", ""Week 7 (Sept 1 - Sept 6)""]",1,https://nyc-tourism-public.s3.amazonaws.com/srw26/menus/50347-BoroBrine-menu.pdf,,https://www.nyctourism.com/restaurant-week/boro-brine/,https://www.borobrine.com,partial
boucherie-union-square,Boucherie Union Square,Manhattan,Gramercy,"225 Park Ave. South, Manhattan, NY, 10003","[""French""]","[""$45"", ""$60""]","[""dinner"", ""lunch""]","[""Week 4 (Aug 10 - Aug 16)""]",0,https://nyc-tourism-public.s3.amazonaws.com/srw26/menus/40454-BoucherieUnionSquare-menu.pdf,https://www.opentable.com/restref/client/?rid=1004143,https://www.nyctourism.com/restaurant-week/boucherie-union-square/,https://www.boucherieus.com/location/boucherie-union-square,partial
boucherie-west-village,Boucherie West Village,Manhattan,West Village,"99 Seventh Ave. South, Manhattan, NY, 10014","[""French""]","[""$45"", ""$60""]","[""dinner"", ""lunch""]","[""Week 4 (Aug 10 - Aug 16)""]",0,https://nyc-tourism-public.s3.amazonaws.com/srw26/menus/43875-BoucherieWestVillage-menu.pdf,https://www.opentable.com/restref/client/?rid=346609,https://www.nyctourism.com/restaurant-week/boucherie-west-village/,https://www.boucherieus.com/location/boucherie-west-village,partial
bourbon-steak-new-york,Bourbon Steak New York,Manhattan,Midtown West,"JW Marriott Essex House New York, 160 Central Park South, Manhattan, NY, 10019","[""Steakhouse""]","[""$60""]","[""lunch""]","[""Week 4 (Aug 10 - Aug 16)""]",0,https://nyc-tourism-public.s3.amazonaws.com/srw26/menus/49430-BourbonSteakNewYork-menu.pdf,https://www.opentable.com/restref/client/?rid=1368814,https://www.nyctourism.com/restaurant-week/bourbon-steak-new-york/,https://www.bourbonsteaknyc.com,full
the-tusk-bar,Brass & the Tusk Bar,Manhattan,Nomad,"Evelyn Hotel, 7 E. 27th St., Manhattan, NY, 10016","[""French"", ""American (New)"", ""Seafood"", ""Bars/Cocktails""]","[""$60""]","[""dinner""]","[""Week 4 (Aug 10 - Aug 16)""]",0,,https://www.opentable.com/restref/client/?rid=1331476,https://www.nyctourism.com/restaurant-week/the-tusk-bar/,https://www.brassny.com,
broadway-lounge,Broadway Lounge,Manhattan,Times Square/Theatre District,"New York Marriott Marquis, 1535 Broadway, Manhattan, NY, 10036","[""American (New)"", ""Bars/Cocktails""]","[""$60""]","[""dinner""]","[""Week 4 (Aug 10 - Aug 16)""]",0,,https://www.opentable.com/restref/client/?rid=1221586,https://www.nyctourism.com/restaurant-week/broadway-lounge/,https://www.broadwaylounge.nyc,
brooklyn-chop-house,Brooklyn Chop House - Downtown,Manhattan,Lower Manhattan,"150 Nassau St., Manhattan, NY, 10038","[""Steakhouse"", ""Chinese""]","[""$45"", ""$60""]","[""dinner"", ""lunch""]","[""Week 4 (Aug 10 - Aug 16)"", ""Week 5 (Aug 17 - Aug 23)"", ""Week 6 (Aug 24 - Aug 31)""]",0,https://nyc-tourism-public.s3.amazonaws.com/srw26/menus/40743-BrooklynChopHouse-Downtown-menu.pdf,https://www.opentable.com/restref/client/?rid=1017331,https://www.nyctourism.com/restaurant-week/brooklyn-chop-house/,https://www.brooklynchophouse.com/brooklyn-chop-house,partial
brooklyn-chop-house-times-square,Brooklyn Chop House - Times Square,Manhattan,Times Square/Theatre District,"253 W. 47th St., Manhattan, NY, 10036","[""Asian Fusion"", ""Steakhouse""]","[""$60""]","[""dinner""]","[""Week 4 (Aug 10 - Aug 16)""]",1,https://nyc-tourism-public.s3.amazonaws.com/srw26/menus/48324-BrooklynChopHouse-TimesSquare-menu.pdf,https://www.opentable.com/restref/client/?rid=1230112,https://www.nyctourism.com/restaurant-week/brooklyn-chop-house-times-square/,https://www.brooklynchophouse.com/times-square,failed
bryant-park-grill,Bryant Park Grill,Manhattan,Midtown West,"25 W. 40th St., Manhattan, NY, 10018","[""American (New)"", ""Seafood""]","[""$45"", ""$60""]","[""dinner"", ""lunch""]","[""Week 4 (Aug 10 - Aug 16)""]",1,https://nyc-tourism-public.s3.amazonaws.com/srw26/menus/17894-BryantParkGrill-menu.pdf,,https://www.nyctourism.com/restaurant-week/bryant-park-grill/,https://bryantparkgrillnyc.com,failed
burger-lobster-bryant-park,Burger & Lobster Bryant Park,Manhattan,Times Square/Theatre District,"132 W. 43rd St., Manhattan, NY, 10036","[""Seafood"", ""American (New)"", ""Burgers""]","[""$45""]","[""dinner""]","[""Week 4 (Aug 10 - Aug 16)""]",0,https://nyc-tourism-public.s3.amazonaws.com/srw26/menus/40532-Burger%26LobsterBryantPark-menu.pdf,https://www.opentable.com/restref/client/?rid=1195105,https://www.nyctourism.com/restaurant-week/burger-lobster-bryant-park/,https://www.burgerandlobster.com/locations/new-york/bryant-park,partial
bustan,Bustan,Manhattan,Upper West Side,"487 Amsterdam Ave., Manhattan, NY, 10024","[""Mediterranean""]","[""$60""]","[""dinner""]","[""Week 4 (Aug 10 - Aug 16)"", ""Week 5 (Aug 17 - Aug 23)"", ""Week 6 (Aug 24 - Aug 31)"", ""Week 7 (Sept 1 - Sept 6)""]",1,https://nyc-tourism-public.s3.amazonaws.com/srw26/menus/39342-Bustan-menu.pdf,https://www.opentable.com/restref/client/?rid=118003,https://www.nyctourism.com/restaurant-week/bustan/,https://bustannyc.com/,failed
cafe-dalsace,Cafe D'Alsace,Manhattan,Upper East Side,"1703 Second Ave., Manhattan, NY, 10128","[""French""]","[""$30"", ""$45""]","[""dinner"", ""lunch""]","[""Week 4 (Aug 10 - Aug 16)""]",1,,https://www.opentable.com/restref/client/?rid=6363,https://www.nyctourism.com/restaurant-week/cafe-dalsace/,https://www.cafedalsace.com,
cafe-boulud,Café Boulud,Manhattan,Upper East Side,"100 E. 63rd St., Manhattan, NY, 10065","[""French""]","[""$60""]","[""dinner""]","[""Week 4 (Aug 10 - Aug 16)"", ""Week 5 (Aug 17 - Aug 23)"", ""Week 6 (Aug 24 - Aug 31)"", ""Week 7 (Sept 1 - Sept 6)""]",0,https://nyc-tourism-public.s3.amazonaws.com/srw26/menus/16367-CafeBoulud-menu.pdf,,https://www.nyctourism.com/restaurant-week/cafe-boulud/,https://www.cafeboulud.com/nyc,full
cafe-fleuri,Café Fleuri,Manhattan,Lower Manhattan,"109 Washington St., Manhattan, NY, 10006","[""French""]","[""$30"", ""$45""]","[""dinner"", ""lunch""]","[""Week 4 (Aug 10 - Aug 16)"", ""Week 5 (Aug 17 - Aug 23)"", ""Week 6 (Aug 24 - Aug 31)"", ""Week 7 (Sept 1 - Sept 6)""]",0,https://nyc-tourism-public.s3.amazonaws.com/srw26/menus/50894-CafeFleuri-menu.pdf,https://www.opentable.com/restref/client/?rid=263413,https://www.nyctourism.com/restaurant-week/cafe-fleuri/,https://cafefleuri.com,partial
calle-dao-bryant-park,Calle Dão - Bryant Park,Manhattan,Midtown West,"38 W. 39th St., Manhattan, NY, 10018","[""Asian Fusion"", ""Chinese"", ""Cuban""]","[""$30"", ""$45""]","[""brunch"", ""dinner"", ""lunch""]","[""Week 4 (Aug 10 - Aug 16)"", ""Week 5 (Aug 17 - Aug 23)"", ""Week 6 (Aug 24 - Aug 31)"", ""Week 7 (Sept 1 - Sept 6)""]",1,https://nyc-tourism-public.s3.amazonaws.com/srw26/menus/47915-CalleDao-BryantPark-menu.pdf,https://www.opentable.com/restref/client/?rid=149428,https://www.nyctourism.com/restaurant-week/calle-dao-bryant-park/,https://www.calledao.com/location/calle-dao-bryant-park,partial
cantina-138,Cantina 138,Brooklyn,Williamsburg,"138 Havemeyer St., Brooklyn, NY, 11211","[""Mexican"", ""Soul Food / Southern""]","[""$45""]","[""dinner""]","[""Week 4 (Aug 10 - Aug 16)"", ""Week 5 (Aug 17 - Aug 23)"", ""Week 6 (Aug 24 - Aug 31)"", ""Week 7 (Sept 1 - Sept 6)""]",1,https://nyc-tourism-public.s3.amazonaws.com/srw26/menus/48326-Cantina138-menu.pdf,,https://www.nyctourism.com/restaurant-week/cantina-138/,https://www.cantina138.com,full
caravaggio,Caravaggio,Manhattan,Upper East Side,"23 E. 74th St., Manhattan, NY, 10021","[""Italian""]","[""$45"", ""$60""]","[""brunch"", ""dinner"", ""lunch""]","[""Week 4 (Aug 10 - Aug 16)"", ""Week 5 (Aug 17 - Aug 23)"", ""Week 6 (Aug 24 - Aug 31)"", ""Week 7 (Sept 1 - Sept 6)""]",1,,https://www.opentable.com/restref/client/?rid=38926,https://www.nyctourism.com/restaurant-week/caravaggio/,https://caravaggioristorante.com,
carlotto,Carlotto,Manhattan,Gramercy,"100 E. 19th St., Manhattan, NY, 10003","[""Italian""]","[""$60""]","[""dinner""]","[""Week 4 (Aug 10 - Aug 16)""]",1,https://nyc-tourism-public.s3.amazonaws.com/srw26/menus/48133-Carlotto-menu.pdf,,https://www.nyctourism.com/restaurant-week/carlotto/,https://carlottonewyork.com,partial
carmines-upper-west-side,Carmine's - Upper West Side,Manhattan,Upper West Side,"2450 Broadway, Manhattan, NY, 10024","[""Italian""]","[""$30""]","[""dinner"", ""lunch""]","[""Week 4 (Aug 10 - Aug 16)""]",0,,https://www.opentable.com/restref/client/?rid=2296,https://www.nyctourism.com/restaurant-week/carmines-upper-west-side/,https://www.carminesnyc.com/locations/upper-west-side,
carne-mare,Carne Mare,Manhattan,The Seaport,"Pier 17, 89 South St., Manhattan, NY, 10038","[""Steakhouse"", ""Seafood"", ""Italian""]","[""$45"", ""$60""]","[""brunch"", ""dinner"", ""lunch""]","[""Week 4 (Aug 10 - Aug 16)""]",1,https://nyc-tourism-public.s3.amazonaws.com/srw26/menus/45784-CarneMare-menu.pdf,,https://www.nyctourism.com/restaurant-week/carne-mare/,https://www.carnemare.com,partial
carversteak,Carversteak,Manhattan,Hells Kitchen,"Civilian Hotel, 305 W. 48th St., Manhattan, NY, 10036","[""Steakhouse"", ""American (New)"", ""Seafood""]","[""$60""]","[""dinner""]","[""Week 4 (Aug 10 - Aug 16)""]",0,https://nyc-tourism-public.s3.amazonaws.com/srw26/menus/50794-Carversteak-menu.pdf,https://www.opentable.com/restref/client/?rid=1497688,https://www.nyctourism.com/restaurant-week/carversteak/,https://carversteaknyc.com,full
casa-felix,Casa Felix,Manhattan,Chelsea,"190 Seventh Ave., Manhattan, NY, 10011","[""Mexican""]","[""$45""]","[""dinner""]","[""Week 4 (Aug 10 - Aug 16)"", ""Week 5 (Aug 17 - Aug 23)"", ""Week 6 (Aug 24 - Aug 31)"", ""Week 7 (Sept 1 - Sept 6)""]",1,https://nyc-tourism-public.s3.amazonaws.com/srw26/menus/51080-CasaFelix-menu.pdf,https://www.opentable.com/restref/client/?rid=1032046,https://www.nyctourism.com/restaurant-week/casa-felix/,https://www.casafelixny.com,full
casa-lever,Casa Lever,Manhattan,Midtown East,"390 Park Ave., Manhattan, NY, 10022","[""Italian""]","[""$60""]","[""dinner""]","[""Week 4 (Aug 10 - Aug 16)"", ""Week 5 (Aug 17 - Aug 23)"", ""Week 6 (Aug 24 - Aug 31)"", ""Week 7 (Sept 1 - Sept 6)""]",0,https://nyc-tourism-public.s3.amazonaws.com/srw26/menus/38745-CasaLever-menu.pdf,,https://www.nyctourism.com/restaurant-week/casa-lever/,https://www.casalever.com,partial
casa-louie,Casa Louie,Manhattan,Hudson Yards,"455 W. 37th St., Manhattan, NY, 10018","[""Italian""]","[""$30"", ""$45""]","[""dinner"", ""lunch""]","[""Week 4 (Aug 10 - Aug 16)""]",1,https://nyc-tourism-public.s3.amazonaws.com/srw26/menus/50407-CasaLouie-menu.pdf,https://www.opentable.com/restref/client/?rid=1424902,https://www.nyctourism.com/restaurant-week/casa-louie/,https://www.casalouienyc.com,failed
catch-n-chop,Catch n' Chop,Manhattan,Upper East Side,"1600 Third Ave., Manhattan, NY, 10128","[""Steakhouse"", ""Seafood""]","[""$30"", ""$60""]","[""brunch"", ""dinner""]","[""Week 4 (Aug 10 - Aug 16)"", ""Week 5 (Aug 17 - Aug 23)"", ""Week 6 (Aug 24 - Aug 31)""]",1,,https://www.opentable.com/restref/client/?rid=1357879,https://www.nyctourism.com/restaurant-week/catch-n-chop/,https://catchnchop.com,
cathedrale-restaurant,Cathédrale,Manhattan,East Village,"Moxy NYC East Village, 112 E. 11th St., Manhattan, NY, 10003","[""French"", ""Mediterranean""]","[""$60""]","[""dinner""]","[""Week 4 (Aug 10 - Aug 16)"", ""Week 5 (Aug 17 - Aug 23)"", ""Week 6 (Aug 24 - Aug 31)"", ""Week 7 (Sept 1 - Sept 6)""]",1,,https://www.opentable.com/restref/client/?rid=1046641,https://www.nyctourism.com/restaurant-week/cathedrale-restaurant/,https://cathedraleny.com,
catria-nyc,Catria Cucina and Bar,Manhattan,Hudson Yards,,"[""Italian""]","[""$30"", ""$45""]","[""brunch"", ""dinner"", ""lunch""]","[""Week 4 (Aug 10 - Aug 16)""]",1,https://nyc-tourism-public.s3.amazonaws.com/srw26/menus/44777-CatriaCucinaandBar-menu.pdf,https://www.opentable.com/restref/client/?rid=1063342,https://www.nyctourism.com/restaurant-week/catria-nyc/,https://www.catriacucina.com,full
cebu-bar-and-bistro,Cebu Bar & Bistro,Brooklyn,Bay Ridge,"8801 Third Ave., Brooklyn, NY, 11209","[""American (New)""]","[""$45"", ""$60""]","[""dinner"", ""lunch""]","[""Week 4 (Aug 10 - Aug 16)"", ""Week 5 (Aug 17 - Aug 23)"", ""Week 6 (Aug 24 - Aug 31)"", ""Week 7 (Sept 1 - Sept 6)""]",1,https://nyc-tourism-public.s3.amazonaws.com/srw26/menus/44624-CebuBar%26Bistro-menu.pdf,,https://www.nyctourism.com/restaurant-week/cebu-bar-and-bistro/,https://www.cebubrooklyn.com,failed
celeste,Celeste,Manhattan,Upper West Side,"502 Amsterdam Ave., Manhattan, NY, 10024","[""Italian""]","[""$30"", ""$45""]","[""brunch"", ""dinner""]","[""Week 4 (Aug 10 - Aug 16)"", ""Week 5 (Aug 17 - Aug 23)"", ""Week 6 (Aug 24 - Aug 31)"", ""Week 7 (Sept 1 - Sept 6)""]",1,https://nyc-tourism-public.s3.amazonaws.com/srw26/menus/44589-Celeste-menu.pdf,,https://www.nyctourism.com/restaurant-week/celeste/,https://www.celesterestaurantny.com,partial
central-park-boathouse,Central Park Boathouse,Manhattan,Central Park,"Central Park, E. 72nd and Park Dr. N., Manhattan, NY, 10028","[""Continental"", ""American (New)""]","[""$60""]","[""dinner""]","[""Week 4 (Aug 10 - Aug 16)"", ""Week 5 (Aug 17 - Aug 23)"", ""Week 6 (Aug 24 - Aug 31)"", ""Week 7 (Sept 1 - Sept 6)""]",0,,https://www.opentable.com/restref/client/?rid=1294132,https://www.nyctourism.com/restaurant-week/central-park-boathouse/,https://centralparkboathouse.com,
chachatang,ChaChaTang,Manhattan,West Village,"257 Sixth Ave., Manhattan, NY, 10014","[""Chinese""]","[""$45"", ""$60""]","[""brunch"", ""dinner""]","[""Week 4 (Aug 10 - Aug 16)"", ""Week 5 (Aug 17 - Aug 23)"", ""Week 6 (Aug 24 - Aug 31)"", ""Week 7 (Sept 1 - Sept 6)""]",1,,https://www.opentable.com/restref/client/?rid=1382116,https://www.nyctourism.com/restaurant-week/chachatang/,https://www.chachatang.com,
champers-social-club,Champers Social Club,Manhattan,Soho,"39-1/2 Crosby St., Manhattan, NY, 10012","[""French""]","[""$30"", ""$60""]","[""dinner"", ""lunch""]","[""Week 4 (Aug 10 - Aug 16)""]",1,https://nyc-tourism-public.s3.amazonaws.com/srw26/menus/49943-ChampersSocialClub-menu.pdf,,https://www.nyctourism.com/restaurant-week/champers-social-club/,https://www.champerssocialclub.com,failed
charlie-palmer-steak-iv,Charlie Palmer Steak IV,Manhattan,Times Square/Theatre District,"The Knickerbocker, 6 Times Square, 4th fl., Manhattan, NY, 10036","[""Steakhouse"", ""American (New)""]","[""$30"", ""$60""]","[""dinner"", ""lunch""]","[""Week 4 (Aug 10 - Aug 16)""]",1,,https://www.opentable.com/restref/client/?rid=33133,https://www.nyctourism.com/restaurant-week/charlie-palmer-steak-iv/,https://www.charliepalmersteak.com/charlie-palmer-steak-iv,
chatti-by-regi-mathew,Chatti by Regi Mathew,Manhattan,Garment District,"252 W. 37th St., Manhattan, NY, 10018","[""Indian""]","[""$45""]","[""lunch""]","[""Week 4 (Aug 10 - Aug 16)""]",0,https://nyc-tourism-public.s3.amazonaws.com/srw26/menus/50507-ChattibyRegiMatthew-menu.pdf,https://www.opentable.com/restref/client/?rid=1410160,https://www.nyctourism.com/restaurant-week/chatti-by-regi-mathew/,https://www.chattinewyork.com,full
chazz-palminteri-italian-restaurant,Chazz Palminteri Italian Restaurant,Manhattan,Midtown West,"30 W. 46th St., Manhattan, NY, 10036","[""Italian""]","[""$30"", ""$60""]","[""dinner"", ""lunch""]","[""Week 4 (Aug 10 - Aug 16)""]",1,https://nyc-tourism-public.s3.amazonaws.com/srw26/menus/39371-ChazzPalminteriItalianRestaurant-menu.pdf,https://www.opentable.com/restref/client/?rid=188260,https://www.nyctourism.com/restaurant-week/chazz-palminteri-italian-restaurant/,https://www.chazzpalminterinyc.com/new-york-city,full
chela,Chela,Brooklyn,Park Slope,"408 5th Ave., Brooklyn, NY, 11215","[""Mexican""]","[""$45"", ""$60""]","[""brunch"", ""dinner"", ""lunch""]","[""Week 4 (Aug 10 - Aug 16)"", ""Week 5 (Aug 17 - Aug 23)"", ""Week 6 (Aug 24 - Aug 31)"", ""Week 7 (Sept 1 - Sept 6)""]",1,,,https://www.nyctourism.com/restaurant-week/chela/,https://www.chelaparkslope.com,
chelsea-living-room,Chelsea Living Room,Manhattan,Chelsea,"243 W. 14th St., Manhattan, NY, 10011","[""American (New)""]","[""$60""]","[""dinner""]","[""Week 4 (Aug 10 - Aug 16)""]",0,,,https://www.nyctourism.com/restaurant-week/chelsea-living-room/,https://www.chelsealivingroomnyc.com,
chelsea-ristorante,Chelsea Ristorante,Manhattan,Chelsea,"108 Eighth Ave., Manhattan, NY, 10011","[""Italian""]","[""$30"", ""$45""]","[""brunch"", ""dinner"", ""lunch""]","[""Week 4 (Aug 10 - Aug 16)"", ""Week 5 (Aug 17 - Aug 23)"", ""Week 6 (Aug 24 - Aug 31)"", ""Week 7 (Sept 1 - Sept 6)""]",1,https://nyc-tourism-public.s3.amazonaws.com/srw26/menus/30229-ChelseaRistorante-menu.pdf,https://www.opentable.com/restref/client/?rid=31204,https://www.nyctourism.com/restaurant-week/chelsea-ristorante/,https://chrnyc.com,full
chez-nick,Chez Nick,Manhattan,Upper East Side,"1737 York Ave., Manhattan, NY, 10128","[""American (New)""]","[""$45""]","[""dinner""]","[""Week 4 (Aug 10 - Aug 16)""]",1,https://nyc-tourism-public.s3.amazonaws.com/srw26/menus/44475-ChezNick-menu.pdf,,https://www.nyctourism.com/restaurant-week/chez-nick/,https://www.cheznicknyc.com,full
chito-gvrito-nyc,Chito Gvrito NYC,Manhattan,Gramercy,"173 Third Ave., Manhattan, NY, 10003","[""Georgian"", ""Eastern European"", ""Mediterranean""]","[""$30"", ""$45""]","[""brunch"", ""dinner"", ""lunch""]","[""Week 4 (Aug 10 - Aug 16)"", ""Week 5 (Aug 17 - Aug 23)"", ""Week 6 (Aug 24 - Aug 31)"", ""Week 7 (Sept 1 - Sept 6)""]",1,,,https://www.nyctourism.com/restaurant-week/chito-gvrito-nyc/,https://chito-gvritonyc.com,
chubby-nori-new-york,Chubby Nori New York,Manhattan,Herald Square,"21 W. 35th St., Manhattan, NY, 10018","[""Japanese / Sushi""]","[""$45""]","[""brunch"", ""dinner"", ""lunch""]","[""Week 4 (Aug 10 - Aug 16)"", ""Week 5 (Aug 17 - Aug 23)"", ""Week 6 (Aug 24 - Aug 31)"", ""Week 7 (Sept 1 - Sept 6)""]",1,https://nyc-tourism-public.s3.amazonaws.com/srw26/menus/51354-ChubbyNoriNewYork-menu.pdf,,https://www.nyctourism.com/restaurant-week/chubby-nori-new-york/,https://chubbynori.com/project/new-york,failed
churrascaria-plataforma-brazilian-steakhouse,Churrascaria Plataforma Brazilian Steakhouse,Manhattan,Midtown West,"316 W. 49th St., Manhattan, NY, 10019","[""Brazilian"", ""Steakhouse""]","[""$45"", ""$60""]","[""brunch"", ""dinner""]","[""Week 4 (Aug 10 - Aug 16)"", ""Week 5 (Aug 17 - Aug 23)"", ""Week 6 (Aug 24 - Aug 31)"", ""Week 7 (Sept 1 - Sept 6)""]",1,https://nyc-tourism-public.s3.amazonaws.com/srw26/menus/38733-ChurrascariaPlataformaBrazilianSteakhouse-menu.pdf,https://www.opentable.com/restref/client/?rid=14839,https://www.nyctourism.com/restaurant-week/churrascaria-plataforma-brazilian-steakhouse/,https://www.plataformaonline.com,full
ci-siamo,Ci Siamo,Manhattan,Chelsea,"385 Ninth Ave., Manhattan, NY, 10001","[""Italian""]","[""$45""]","[""brunch"", ""lunch""]","[""Week 4 (Aug 10 - Aug 16)"", ""Week 5 (Aug 17 - Aug 23)"", ""Week 6 (Aug 24 - Aug 31)"", ""Week 7 (Sept 1 - Sept 6)""]",1,https://nyc-tourism-public.s3.amazonaws.com/srw26/menus/46090-CiSiamo-menu.pdf,,https://www.nyctourism.com/restaurant-week/ci-siamo/,https://www.cisiamonyc.com,full
city-vineyard,City Vineyard,Manhattan,Tribeca,"Pier 26, 233 West St., Manhattan, NY, 10013","[""American (New)""]","[""$45"", ""$60""]","[""dinner"", ""lunch""]","[""Week 4 (Aug 10 - Aug 16)"", ""Week 5 (Aug 17 - Aug 23)"", ""Week 6 (Aug 24 - Aug 31)"", ""Week 7 (Sept 1 - Sept 6)""]",0,https://nyc-tourism-public.s3.amazonaws.com/srw26/menus/41359-CityVineyard-menu.pdf,,https://www.nyctourism.com/restaurant-week/city-vineyard/,https://citywinery.com/city-vineyard-nyc,full
city-winery,City Winery,Manhattan,Chelsea,"Hudson River Park, 25 Eleventh Ave., Manhattan, NY, 10011","[""American (New)"", ""Mediterranean"", ""Vegetarian""]","[""$45"", ""$60""]","[""brunch"", ""dinner"", ""lunch""]","[""Week 4 (Aug 10 - Aug 16)"", ""Week 5 (Aug 17 - Aug 23)"", ""Week 6 (Aug 24 - Aug 31)"", ""Week 7 (Sept 1 - Sept 6)""]",1,https://nyc-tourism-public.s3.amazonaws.com/srw26/menus/41360-CityWinery-menu.pdf,,https://www.nyctourism.com/restaurant-week/city-winery/,https://citywinery.com/pages/locations/new-york-city,partial
club-a-steakhouse,Club A Steakhouse,Manhattan,Midtown East,"240 E. 58th St., Manhattan, NY, 10022","[""Steakhouse""]","[""$60""]","[""dinner""]","[""Week 4 (Aug 10 - Aug 16)"", ""Week 5 (Aug 17 - Aug 23)""]",1,https://nyc-tourism-public.s3.amazonaws.com/srw26/menus/35452-ClubASteakhouse-menu.pdf,https://www.opentable.com/restref/client/?rid=21631,https://www.nyctourism.com/restaurant-week/club-a-steakhouse/,https://www.clubasteakhouse.com,partial
code-red-restaurant-and-lounge,Code Red Restaurant & Lounge,The Bronx,Laconia,"1320 E. Gun Hill Rd., Bronx, NY, 10469","[""Caribbean"", ""Bars/Cocktails""]","[""$45""]","[""dinner""]","[""Week 4 (Aug 10 - Aug 16)"", ""Week 5 (Aug 17 - Aug 23)"", ""Week 6 (Aug 24 - Aug 31)"", ""Week 7 (Sept 1 - Sept 6)""]",1,,,https://www.nyctourism.com/restaurant-week/code-red-restaurant-and-lounge/,https://coderedrestaurant.com,
copinette,Copinette,Manhattan,Midtown East,"891 First Ave., Manhattan, NY, 10022","[""American (New)""]","[""$30"", ""$45""]","[""dinner"", ""lunch""]","[""Week 4 (Aug 10 - Aug 16)"", ""Week 5 (Aug 17 - Aug 23)"", ""Week 6 (Aug 24 - Aug 31)"", ""Week 7 (Sept 1 - Sept 6)""]",1,https://nyc-tourism-public.s3.amazonaws.com/srw26/menus/41007-Copinette-menu.pdf,https://www.opentable.com/restref/client/?rid=1011319,https://www.nyctourism.com/restaurant-week/copinette/,https://copinettenyc.com,full
coqodaq,Coqodaq,Manhattan,Flatiron District,"12 E. 22nd St., Manhattan, NY, 10010","[""Korean""]","[""$60""]","[""lunch""]","[""Week 4 (Aug 10 - Aug 16)"", ""Week 5 (Aug 17 - Aug 23)"", ""Week 6 (Aug 24 - Aug 31)"", ""Week 7 (Sept 1 - Sept 6)""]",0,https://nyc-tourism-public.s3.amazonaws.com/srw26/menus/50349-Coqodaq-menu.pdf,,https://www.nyctourism.com/restaurant-week/coqodaq/,https://coqodaq.com,full
cosme-flatiron-district,Cosme,Manhattan,Flatiron District,"35 E. 21st St., Manhattan, NY, 10010","[""Mexican""]","[""$60""]","[""dinner""]","[""Week 4 (Aug 10 - Aug 16)"", ""Week 5 (Aug 17 - Aug 23)"", ""Week 6 (Aug 24 - Aug 31)"", ""Week 7 (Sept 1 - Sept 6)""]",1,,,https://www.nyctourism.com/restaurant-week/cosme-flatiron-district/,https://www.cosmenyc.com,
crave-fishbar-turtle-bay,Crave Fishbar - Midtown,Manhattan,Midtown East,"945 Second Ave., Manhattan, NY, 10022","[""Seafood""]","[""$60""]","[""dinner""]","[""Week 4 (Aug 10 - Aug 16)"", ""Week 5 (Aug 17 - Aug 23)"", ""Week 6 (Aug 24 - Aug 31)"", ""Week 7 (Sept 1 - Sept 6)""]",1,,https://www.opentable.com/restref/client/?rid=90223,https://www.nyctourism.com/restaurant-week/crave-fishbar-turtle-bay/,https://cravefishbar.com,
crave-fishbar-upper-east-side,Crave Fishbar - Upper East Side,Manhattan,Upper East Side,"1462 Second Ave., Manhattan, NY, 10075","[""Seafood""]","[""$45"", ""$60""]","[""brunch"", ""dinner""]","[""Week 4 (Aug 10 - Aug 16)"", ""Week 5 (Aug 17 - Aug 23)"", ""Week 6 (Aug 24 - Aug 31)"", ""Week 7 (Sept 1 - Sept 6)""]",1,,https://www.opentable.com/restref/client/?rid=1380592,https://www.nyctourism.com/restaurant-week/crave-fishbar-upper-east-side/,https://cravefishbar.com,
crave-fishbar-upper-west-side,Crave Fishbar - Upper West Side,Manhattan,Upper West Side,"428 Amsterdam Ave., Manhattan, NY, 10024","[""Seafood""]","[""$45"", ""$60""]","[""brunch"", ""dinner""]","[""Week 4 (Aug 10 - Aug 16)"", ""Week 5 (Aug 17 - Aug 23)"", ""Week 6 (Aug 24 - Aug 31)"", ""Week 7 (Sept 1 - Sept 6)""]",1,,https://www.opentable.com/restref/client/?rid=190753,https://www.nyctourism.com/restaurant-week/crave-fishbar-upper-west-side/,https://cravefishbar.com,
crown-shy,Crown Shy,Manhattan,Lower Manhattan,"70 Pine St., Manhattan, NY, 10005","[""American (New)""]","[""$45"", ""$60""]","[""dinner"", ""lunch""]","[""Week 4 (Aug 10 - Aug 16)"", ""Week 5 (Aug 17 - Aug 23)"", ""Week 6 (Aug 24 - Aug 31)""]",1,https://nyc-tourism-public.s3.amazonaws.com/srw26/menus/46520-CrownShy-menu.pdf,,https://www.nyctourism.com/restaurant-week/crown-shy/,https://www.crownshy.nyc,full
cull-pistol-oyster-bar,Cull & Pistol Oyster Bar,Manhattan,Chelsea,"75 Ninth Ave., Manhattan, NY, 10011","[""Seafood""]","[""$45""]","[""brunch"", ""dinner"", ""lunch""]","[""Week 4 (Aug 10 - Aug 16)"", ""Week 5 (Aug 17 - Aug 23)"", ""Week 6 (Aug 24 - Aug 31)"", ""Week 7 (Sept 1 - Sept 6)""]",1,https://nyc-tourism-public.s3.amazonaws.com/srw26/menus/46184-Cull%26PistolOysterBar-menu.pdf,https://www.opentable.com/restref/client/?rid=109174,https://www.nyctourism.com/restaurant-week/cull-pistol-oyster-bar/,https://www.cullandpistol.com,full
cuna-nyc,Cuna NYC,Manhattan,East Village,"The Standard East Village, 25 Cooper Square, Manhattan, NY, 10003","[""Mexican""]","[""$45"", ""$60""]","[""brunch"", ""dinner""]","[""Week 4 (Aug 10 - Aug 16)"", ""Week 5 (Aug 17 - Aug 23)"", ""Week 6 (Aug 24 - Aug 31)"", ""Week 7 (Sept 1 - Sept 6)""]",1,,,https://www.nyctourism.com/restaurant-week/cuna-nyc/,https://www.cuna.nyc,
cut-by-wolfgang-puck,Cut,Manhattan,Lower Manhattan,"Four Seasons Hotel New York Downtown, 99 Church St., Manhattan, NY, 10007","[""Steakhouse""]","[""$60""]","[""brunch"", ""lunch""]","[""Week 4 (Aug 10 - Aug 16)""]",1,,https://www.opentable.com/restref/client/?rid=268411,https://www.nyctourism.com/restaurant-week/cut-by-wolfgang-puck/,https://wolfgangpuck.com/restaurants/cut-new-york,
dk-public,DK PubLIC,Queens,Long Island City,"38-40 29th St., Queens, NY, 11101","[""Gastropub""]","[""$30"", ""$45""]","[""dinner"", ""lunch""]","[""Week 4 (Aug 10 - Aug 16)""]",0,,,https://www.nyctourism.com/restaurant-week/dk-public/,https://www.dkpublic.com,
da-andrea-chelsea,Da Andrea - Chelsea,Manhattan,Chelsea,"160 Eighth Ave., Manhattan, NY, 10011","[""Italian""]","[""$30"", ""$60""]","[""dinner"", ""lunch""]","[""Week 4 (Aug 10 - Aug 16)"", ""Week 5 (Aug 17 - Aug 23)"", ""Week 6 (Aug 24 - Aug 31)"", ""Week 7 (Sept 1 - Sept 6)""]",1,,https://www.opentable.com/restref/client/?rid=1328881,https://www.nyctourism.com/restaurant-week/da-andrea-chelsea/,https://daandreanyc.com/chelsea-location,
da-andrea-greenwich-village,Da Andrea - Greenwich Village,Manhattan,Greenwich Village,"35 W. 13th St., Manhattan, NY, 10011","[""Italian""]","[""$30"", ""$60""]","[""dinner"", ""lunch""]","[""Week 4 (Aug 10 - Aug 16)"", ""Week 5 (Aug 17 - Aug 23)"", ""Week 6 (Aug 24 - Aug 31)"", ""Week 7 (Sept 1 - Sept 6)""]",1,,https://www.opentable.com/restref/client/?rid=192976,https://www.nyctourism.com/restaurant-week/da-andrea-greenwich-village/,https://daandreanyc.com/greenwich-village,
dagg-thai,Dagg Thai,Manhattan,Murray Hill,"10 E. 39th St., Manhattan, NY, 10016","[""Thai""]","[""$30"", ""$60""]","[""brunch"", ""dinner"", ""lunch""]","[""Week 4 (Aug 10 - Aug 16)"", ""Week 5 (Aug 17 - Aug 23)"", ""Week 6 (Aug 24 - Aug 31)"", ""Week 7 (Sept 1 - Sept 6)""]",1,https://nyc-tourism-public.s3.amazonaws.com/srw26/menus/49465-DaggThai-menu.pdf,,https://www.nyctourism.com/restaurant-week/dagg-thai/,https://daggthainyc.com,failed
dagon,Dagon,Manhattan,Upper West Side,"2454 Broadway, Manhattan, NY, 10024","[""Mediterranean""]","[""$30"", ""$45""]","[""dinner"", ""lunch""]","[""Week 4 (Aug 10 - Aug 16)"", ""Week 5 (Aug 17 - Aug 23)"", ""Week 6 (Aug 24 - Aug 31)"", ""Week 7 (Sept 1 - Sept 6)""]",1,https://nyc-tourism-public.s3.amazonaws.com/srw26/menus/46071-Dagon-menu.pdf,https://www.opentable.com/restref/client/?rid=1071811,https://www.nyctourism.com/restaurant-week/dagon/,https://dagonnyc.com,full
danji,Danji,Manhattan,Hells Kitchen,"346 W. 52nd St., Manhattan, NY, 10019","[""Korean""]","[""$60""]","[""dinner""]","[""Week 4 (Aug 10 - Aug 16)"", ""Week 5 (Aug 17 - Aug 23)"", ""Week 6 (Aug 24 - Aug 31)"", ""Week 7 (Sept 1 - Sept 6)""]",0,https://nyc-tourism-public.s3.amazonaws.com/srw26/menus/39513-Danji-menu.pdf,,https://www.nyctourism.com/restaurant-week/danji/,https://danjinyc.com,full
david-burke-tavern,David Burke Tavern,Manhattan,Upper East Side,"135 E. 62nd St., Manhattan, NY, 10065","[""American (New)""]","[""$30"", ""$45""]","[""brunch"", ""dinner"", ""lunch""]","[""Week 4 (Aug 10 - Aug 16)"", ""Week 5 (Aug 17 - Aug 23)"", ""Week 6 (Aug 24 - Aug 31)""]",1,https://nyc-tourism-public.s3.amazonaws.com/srw26/menus/39746-DavidBurkeTavern-menu.pdf,https://www.opentable.com/restref/client/?rid=1028503,https://www.nyctourism.com/restaurant-week/david-burke-tavern/,https://davidburketavern.com,full
dear-strangers,Dear Strangers,Manhattan,Greenwich Village,"147 W. 4th St., Manhattan, NY, 10012","[""American (New)"", ""Latin American"", ""Bars/Cocktails""]","[""$60""]","[""dinner""]","[""Week 4 (Aug 10 - Aug 16)"", ""Week 5 (Aug 17 - Aug 23)"", ""Week 6 (Aug 24 - Aug 31)"", ""Week 7 (Sept 1 - Sept 6)""]",1,https://nyc-tourism-public.s3.amazonaws.com/srw26/menus/49383-DearStrangers-menu.pdf,,https://www.nyctourism.com/restaurant-week/dear-strangers/,https://dearstrangersnyc.com,full
del-friscos-grille,Del Frisco's Grille,Manhattan,Midtown West,"50 Rockefeller Plaza, Manhattan, NY, 10020","[""American (New)"", ""Steakhouse""]","[""$30"", ""$60""]","[""brunch"", ""dinner"", ""lunch""]","[""Week 4 (Aug 10 - Aug 16)"", ""Week 5 (Aug 17 - Aug 23)"", ""Week 6 (Aug 24 - Aug 31)"", ""Week 7 (Sept 1 - Sept 6)""]",1,https://nyc-tourism-public.s3.amazonaws.com/srw26/menus/36465-DelFrisco%27sGrille-menu.pdf,https://www.opentable.com/restref/client/?rid=67849,https://www.nyctourism.com/restaurant-week/del-friscos-grille/,https://www.delfriscosgrille.com/location/del-friscos-grille-new-york-ny,partial
del-friscos-grille-brookfield-place,Del Frisco's Grille - Brookfield Place,Manhattan,Battery Park City,"250 Vesey St., Manhattan, NY, 10281","[""Steakhouse"", ""American (New)""]","[""$30"", ""$60""]","[""brunch"", ""dinner"", ""lunch""]","[""Week 4 (Aug 10 - Aug 16)"", ""Week 5 (Aug 17 - Aug 23)"", ""Week 6 (Aug 24 - Aug 31)"", ""Week 7 (Sept 1 - Sept 6)""]",1,https://nyc-tourism-public.s3.amazonaws.com/srw26/menus/42278-DelFrisco%27sGrille-BrookfieldPlace-menu.pdf,https://www.opentable.com/restref/client/?rid=730255,https://www.nyctourism.com/restaurant-week/del-friscos-grille-brookfield-place/,https://delfriscosgrille.com/brookfield-place,partial
del-friscos-double-eagle-steakhouse-new-york,Del Friscos Double Eagle Steakhouse New York,Manhattan,Midtown West,"1221 Sixth Ave., Manhattan, NY, 10020","[""Steakhouse""]","[""$60""]","[""dinner"", ""lunch""]","[""Week 4 (Aug 10 - Aug 16)""]",1,,https://www.opentable.com/restref/client/?rid=42265,https://www.nyctourism.com/restaurant-week/del-friscos-double-eagle-steakhouse-new-york/,https://www.delfriscos.com/location/del-friscos-double-eagle-steakhouse-new-york-ny,
delmonicos-restaurant,Delmonico's,Manhattan,Lower Manhattan,"56 Beaver St., Manhattan, NY, 10004","[""Steakhouse""]","[""$60""]","[""brunch"", ""dinner"", ""lunch""]","[""Week 4 (Aug 10 - Aug 16)"", ""Week 5 (Aug 17 - Aug 23)"", ""Week 6 (Aug 24 - Aug 31)"", ""Week 7 (Sept 1 - Sept 6)""]",1,https://nyc-tourism-public.s3.amazonaws.com/srw26/menus/10598-Delmonico%27s-menu.pdf,https://www.opentable.com/restref/client/?rid=1288075,https://www.nyctourism.com/restaurant-week/delmonicos-restaurant/,https://www.theoriginaldelmonicos.com,full
dhamaka,Dhamaka,Manhattan,Lower East Side,"Essex Market, 119 Delancey St., Store #34, Manhattan, NY, 10002","[""Indian""]","[""$60""]","[""dinner""]","[""Week 4 (Aug 10 - Aug 16)""]",0,https://nyc-tourism-public.s3.amazonaws.com/srw26/menus/47772-Dhamaka-menu.pdf,,https://www.nyctourism.com/restaurant-week/dhamaka/,https://www.dhamaka.nyc,partial
diwine,DiWine,Queens,Astoria,"41-15 31st Ave., Queens, NY, 11103","[""American (New)""]","[""$45""]","[""dinner""]","[""Week 4 (Aug 10 - Aug 16)""]",0,,,https://www.nyctourism.com/restaurant-week/diwine/,https://diwineonline.com,
dinner-party,Dinner Party,Brooklyn,Clinton Hill,"274 Hall St., Brooklyn, NY, 11205","[""American (New)"", ""French"", ""Eclectic"", ""Italian""]","[""$60""]","[""dinner""]","[""Week 4 (Aug 10 - Aug 16)""]",1,https://nyc-tourism-public.s3.amazonaws.com/srw26/menus/49804-DinnerParty-menu.pdf,,https://www.nyctourism.com/restaurant-week/dinner-party/,https://www.dinnerpartybk.com,full
docks-off-5th,Docks Off 5th,Manhattan,Midtown West,"25 W. 51st St., Manhattan, NY, 10019","[""Seafood""]","[""$45"", ""$60""]","[""brunch"", ""dinner""]","[""Week 4 (Aug 10 - Aug 16)"", ""Week 5 (Aug 17 - Aug 23)"", ""Week 6 (Aug 24 - Aug 31)"", ""Week 7 (Sept 1 - Sept 6)""]",1,,https://www.opentable.com/restref/client/?rid=1372909,https://www.nyctourism.com/restaurant-week/docks-off-5th/,https://docksoff5th.com,
docks-oyster-bar,Docks Oyster Bar,Manhattan,Midtown East,"633 Third Ave., Manhattan, NY, 10017","[""Seafood"", ""American (New)""]","[""$45"", ""$60""]","[""dinner"", ""lunch""]","[""Week 4 (Aug 10 - Aug 16)""]",1,https://nyc-tourism-public.s3.amazonaws.com/srw26/menus/31572-DocksOysterBar-menu.pdf,https://www.opentable.com/restref/client/?rid=35893,https://www.nyctourism.com/restaurant-week/docks-oyster-bar/,https://www.docksoysterbar.com,failed
domodomo,DomoDomo NYC,Manhattan,Greenwich Village,"140 W. Houston St., Manhattan, NY, 10012","[""Japanese / Sushi""]","[""$60""]","[""brunch"", ""dinner""]","[""Week 4 (Aug 10 - Aug 16)"", ""Week 5 (Aug 17 - Aug 23)"", ""Week 6 (Aug 24 - Aug 31)"", ""Week 7 (Sept 1 - Sept 6)""]",1,https://nyc-tourism-public.s3.amazonaws.com/srw26/menus/45672-DomoDomoNYC-menu.pdf,,https://www.nyctourism.com/restaurant-week/domodomo/,https://www.domodomorestaurant.com/domodomonyc,full
don-don-korean-bbq,Don Don Korean BBQ,Manhattan,Times Square/Theatre District,"37 W. 43rd St., Manhattan, NY, 10036","[""Korean""]","[""$30"", ""$60""]","[""dinner"", ""lunch""]","[""Week 4 (Aug 10 - Aug 16)"", ""Week 5 (Aug 17 - Aug 23)"", ""Week 6 (Aug 24 - Aug 31)"", ""Week 7 (Sept 1 - Sept 6)""]",0,https://nyc-tourism-public.s3.amazonaws.com/srw26/menus/49740-DonDonKoreanBBQ-menu.pdf,,https://www.nyctourism.com/restaurant-week/don-don-korean-bbq/,https://dondonnyc.com,failed
dos-caminos-lexington,Dos Caminos Lexington,Manhattan,Midtown East,"480 Lexington Ave., Manhattan, NY, 10167","[""Mexican""]","[""$30"", ""$45""]","[""dinner"", ""lunch""]","[""Week 4 (Aug 10 - Aug 16)"", ""Week 5 (Aug 17 - Aug 23)"", ""Week 6 (Aug 24 - Aug 31)"", ""Week 7 (Sept 1 - Sept 6)""]",0,https://nyc-tourism-public.s3.amazonaws.com/srw26/menus/48161-DosCaminosLexington-menu.pdf,https://www.opentable.com/restref/client/?rid=1256302,https://www.nyctourism.com/restaurant-week/dos-caminos-lexington/,https://www.doscaminos.com/location/dos-caminos-lexington,full
dos-caminos-times-square,Dos Caminos Times Square,Manhattan,Times Square/Theatre District,"1567 Broadway, Manhattan, NY, 10036","[""Mexican""]","[""$30"", ""$45""]","[""dinner"", ""lunch""]","[""Week 4 (Aug 10 - Aug 16)"", ""Week 5 (Aug 17 - Aug 23)"", ""Week 6 (Aug 24 - Aug 31)"", ""Week 7 (Sept 1 - Sept 6)""]",0,,https://www.opentable.com/restref/client/?rid=186067,https://www.nyctourism.com/restaurant-week/dos-caminos-times-square/,https://www.doscaminos.com/location/dos-caminos-times-square,
double-knot-nyc,Double Knot NYC,Manhattan,Times Square/Theatre District,"1251 Sixth Ave., Manhattan, NY, 10020","[""Japanese / Sushi""]","[""$30"", ""$60""]","[""dinner"", ""lunch""]","[""Week 4 (Aug 10 - Aug 16)"", ""Week 5 (Aug 17 - Aug 23)"", ""Week 6 (Aug 24 - Aug 31)"", ""Week 7 (Sept 1 - Sept 6)""]",1,,,https://www.nyctourism.com/restaurant-week/double-knot-nyc/,https://www.doubleknotnyc.com,
dowlings-at-the-carlyle,Dowling’s at The Carlyle,Manhattan,Upper East Side,"35 E. 76th St., Manhattan, NY, 10021","[""American (New)"", ""American (Traditional)""]","[""$45"", ""$60""]","[""dinner"", ""lunch""]","[""Week 4 (Aug 10 - Aug 16)""]",0,https://nyc-tourism-public.s3.amazonaws.com/srw26/menus/23240-Dowling%E2%80%99satTheCarlyle-menu.pdf,,https://www.nyctourism.com/restaurant-week/dowlings-at-the-carlyle/,https://www.rosewoodhotels.com/en/the-carlyle-new-york/dining/dowlings-at-the-carlyle,full
draught-55,Draught 55,Manhattan,Midtown East,"245 E. 55th St., Manhattan, NY, 10022","[""Gastropub""]","[""$45""]","[""dinner""]","[""Week 4 (Aug 10 - Aug 16)""]",1,https://nyc-tourism-public.s3.amazonaws.com/srw26/menus/49731-Draught55-menu.pdf,,https://www.nyctourism.com/restaurant-week/draught-55/,https://www.draught55.com,partial
dubuhaus,DubuHaus,Manhattan,Nomad,"6 E. 32nd St., Manhattan, NY, 10016","[""Korean""]","[""$30""]","[""dinner""]","[""Week 4 (Aug 10 - Aug 16)"", ""Week 5 (Aug 17 - Aug 23)"", ""Week 6 (Aug 24 - Aug 31)"", ""Week 7 (Sept 1 - Sept 6)""]",0,https://nyc-tourism-public.s3.amazonaws.com/srw26/menus/51126-DubuHaus-menu.pdf,,https://www.nyctourism.com/restaurant-week/dubuhaus/,https://www.dubuhaus.com,full
edoya,EdoYa,Manhattan,Lower East Side,"151 Rivington St., Manhattan, NY, 10002","[""Japanese / Sushi""]","[""$60""]","[""dinner""]","[""Week 4 (Aug 10 - Aug 16)"", ""Week 5 (Aug 17 - Aug 23)""]",1,https://nyc-tourism-public.s3.amazonaws.com/srw26/menus/51290-EdoYa-menu.pdf,,https://www.nyctourism.com/restaurant-week/edoya/,https://www.edoyasushi.org,full
el-coco-chelsea,El Coco - Chelsea,Manhattan,Chelsea,"202 Eighth Ave., Manhattan, NY, 10011","[""Mexican""]","[""$30""]","[""brunch"", ""dinner"", ""lunch""]","[""Week 4 (Aug 10 - Aug 16)"", ""Week 5 (Aug 17 - Aug 23)"", ""Week 6 (Aug 24 - Aug 31)"", ""Week 7 (Sept 1 - Sept 6)""]",1,https://nyc-tourism-public.s3.amazonaws.com/srw26/menus/49072-ElCoco-Chelsea-menu.pdf,https://www.opentable.com/restref/client/?rid=1307545,https://www.nyctourism.com/restaurant-week/el-coco-chelsea/,https://www.elcocony.com,full
el-coco-hells-kitchen,El Coco - Hell's Kitchen,Manhattan,Hells Kitchen,"828 Ninth Ave., Manhattan, NY, 10019","[""Mexican""]","[""$30""]","[""brunch"", ""dinner"", ""lunch""]","[""Week 4 (Aug 10 - Aug 16)"", ""Week 5 (Aug 17 - Aug 23)"", ""Week 6 (Aug 24 - Aug 31)"", ""Week 7 (Sept 1 - Sept 6)""]",1,https://nyc-tourism-public.s3.amazonaws.com/srw26/menus/49073-ElCoco-Hell%27sKitchen-menu.pdf,https://www.opentable.com/restref/client/?rid=1308466,https://www.nyctourism.com/restaurant-week/el-coco-hells-kitchen/,https://www.elcocony.com,full
elcielo,Elcielo,Manhattan,Nomad,"Virgin Hotels New York City, 1227 Broadway, Manhattan, NY, 10001","[""Colombian""]","[""$60""]","[""dinner""]","[""Week 4 (Aug 10 - Aug 16)"", ""Week 5 (Aug 17 - Aug 23)"", ""Week 6 (Aug 24 - Aug 31)"", ""Week 7 (Sept 1 - Sept 6)""]",1,https://nyc-tourism-public.s3.amazonaws.com/srw26/menus/50395-Elcielo-menu.pdf,https://www.opentable.com/restref/client/?rid=1438912,https://www.nyctourism.com/restaurant-week/elcielo/,https://elcielo.com.co/new-york,partial
elea,Eléa,Manhattan,Upper West Side,"217 W. 85th St., Manhattan, NY, 10024","[""Greek""]","[""$30"", ""$60""]","[""dinner"", ""lunch""]","[""Week 4 (Aug 10 - Aug 16)"", ""Week 5 (Aug 17 - Aug 23)"", ""Week 6 (Aug 24 - Aug 31)"", ""Week 7 (Sept 1 - Sept 6)""]",1,https://nyc-tourism-public.s3.amazonaws.com/srw26/menus/41205-Elea-menu.pdf,https://www.opentable.com/restref/client/?rid=1011193,https://www.nyctourism.com/restaurant-week/elea/,https://eleanyc.com,partial
empellon,Empellón,Manhattan,Midtown East,"510 Madison Ave., Manhattan, NY, 10022","[""Mexican""]","[""$45""]","[""dinner""]","[""Week 4 (Aug 10 - Aug 16)"", ""Week 5 (Aug 17 - Aug 23)"", ""Week 6 (Aug 24 - Aug 31)"", ""Week 7 (Sept 1 - Sept 6)""]",0,https://nyc-tourism-public.s3.amazonaws.com/srw26/menus/40491-Empellon-menu.pdf,https://www.opentable.com/restref/client/?rid=729934,https://www.nyctourism.com/restaurant-week/empellon/,https://www.empellon.com/restaurants/empellon,full
empire-steak-house-east-50th-street,Empire Steak House - Midtown East,Manhattan,Midtown East,"151 E. 50th St., Manhattan, NY, 10022","[""Steakhouse"", ""Seafood""]","[""$30"", ""$60""]","[""dinner"", ""lunch""]","[""Week 4 (Aug 10 - Aug 16)""]",1,https://nyc-tourism-public.s3.amazonaws.com/srw26/menus/39370-EmpireSteakHouse-MidtownEast-menu.pdf,https://www.opentable.com/restref/client/?rid=212278,https://www.nyctourism.com/restaurant-week/empire-steak-house-east-50th-street/,https://www.empiresteakhousenyc.com/midtown-east,full
empire-steak-house-west-54th-street,Empire Steak House - Midtown West,Manhattan,Midtown West,"237 W. 54th St., Manhattan, NY, 10019","[""Steakhouse"", ""Seafood""]","[""$30"", ""$60""]","[""dinner"", ""lunch""]","[""Week 4 (Aug 10 - Aug 16)""]",1,https://nyc-tourism-public.s3.amazonaws.com/srw26/menus/38052-EmpireSteakHouse-MidtownWest-menu.pdf,https://www.opentable.com/restref/client/?rid=116389,https://www.nyctourism.com/restaurant-week/empire-steak-house-west-54th-street/,https://www.empiresteakhousenyc.com/midtown-west,full
essex,Essex,Manhattan,Lower East Side,"124 Rivington St., Manhattan, NY, 10002","[""Steakhouse"", ""American (New)""]","[""$45""]","[""dinner""]","[""Week 4 (Aug 10 - Aug 16)"", ""Week 5 (Aug 17 - Aug 23)"", ""Week 6 (Aug 24 - Aug 31)"", ""Week 7 (Sept 1 - Sept 6)""]",1,https://nyc-tourism-public.s3.amazonaws.com/srw26/menus/38771-Essex-menu.pdf,https://www.opentable.com/restref/client/?rid=13675,https://www.nyctourism.com/restaurant-week/essex/,https://www.essexnyc.com,full
estiatorio-milos,Estiatorio Milos,Manhattan,Midtown West,"125 W. 55th St., Manhattan, NY, 10019","[""Seafood"", ""Mediterranean""]","[""$45""]","[""brunch"", ""lunch""]","[""Week 4 (Aug 10 - Aug 16)"", ""Week 5 (Aug 17 - Aug 23)"", ""Week 6 (Aug 24 - Aug 31)"", ""Week 7 (Sept 1 - Sept 6)""]",1,,https://www.opentable.com/restref/client/?rid=1973,https://www.nyctourism.com/restaurant-week/estiatorio-milos/,https://www.estiatoriomilos.com/restaurant/nymidtown,
estiatorio-milos-hudson-yards,Estiatorio Milos Hudson Yards,Manhattan,Hudson Yards,"20 Hudson Yards, 5th fl., Manhattan, NY, 10001","[""Seafood"", ""Mediterranean""]","[""$45""]","[""brunch"", ""lunch""]","[""Week 4 (Aug 10 - Aug 16)"", ""Week 5 (Aug 17 - Aug 23)"", ""Week 6 (Aug 24 - Aug 31)"", ""Week 7 (Sept 1 - Sept 6)""]",1,,https://www.opentable.com/restref/client/?rid=1044916,https://www.nyctourism.com/restaurant-week/estiatorio-milos-hudson-yards/,https://www.estiatoriomilos.com/location/nyhudsonyards,
fandi-mata,Fandi Mata,Brooklyn,Williamsburg,"74 Bayard St., Brooklyn, NY, 11222","[""Mediterranean"", ""Bars/Cocktails""]","[""$30"", ""$60""]","[""brunch"", ""dinner""]","[""Week 4 (Aug 10 - Aug 16)"", ""Week 5 (Aug 17 - Aug 23)"", ""Week 6 (Aug 24 - Aug 31)"", ""Week 7 (Sept 1 - Sept 6)""]",1,https://nyc-tourism-public.s3.amazonaws.com/srw26/menus/46443-FandiMata-menu.pdf,https://www.opentable.com/restref/client/?rid=1162696,https://www.nyctourism.com/restaurant-week/fandi-mata/,https://www.fandimata.com,full
felice-15-gold-street,Felice 15 Gold Street,Manhattan,Lower Manhattan,"Gild Hall, A Thompson Hotel, 15 Gold St., Manhattan, NY, 10038","[""Italian""]","[""$30"", ""$45""]","[""dinner"", ""lunch""]","[""Week 4 (Aug 10 - Aug 16)"", ""Week 5 (Aug 17 - Aug 23)"", ""Week 6 (Aug 24 - Aug 31)"", ""Week 7 (Sept 1 - Sept 6)""]",1,,,https://www.nyctourism.com/restaurant-week/felice-15-gold-street/,https://www.felicerestaurants.com/felice-15-gold-street,
felice-56,Felice 56,Manhattan,Midtown West,"Chambers Hotel, 15 W. 56th St., Manhattan, NY, 10019","[""Italian""]","[""$30"", ""$45""]","[""dinner"", ""lunch""]","[""Week 4 (Aug 10 - Aug 16)"", ""Week 5 (Aug 17 - Aug 23)"", ""Week 6 (Aug 24 - Aug 31)"", ""Week 7 (Sept 1 - Sept 6)""]",1,,,https://www.nyctourism.com/restaurant-week/felice-56/,https://www.felicerestaurants.com/felice-56,
felice-64,Felice 64,Manhattan,Upper East Side,"1166 First Ave., Manhattan, NY, 10065","[""Italian""]","[""$30"", ""$45""]","[""dinner"", ""lunch""]","[""Week 4 (Aug 10 - Aug 16)"", ""Week 5 (Aug 17 - Aug 23)"", ""Week 6 (Aug 24 - Aug 31)"", ""Week 7 (Sept 1 - Sept 6)""]",1,,,https://www.nyctourism.com/restaurant-week/felice-64/,https://www.felicerestaurants.com/felice-64,
felice-83,Felice 83,Manhattan,Upper East Side,"1593 First Ave., Manhattan, NY, 10028","[""Italian""]","[""$30"", ""$45""]","[""dinner"", ""lunch""]","[""Week 4 (Aug 10 - Aug 16)"", ""Week 5 (Aug 17 - Aug 23)"", ""Week 6 (Aug 24 - Aug 31)"", ""Week 7 (Sept 1 - Sept 6)""]",1,,,https://www.nyctourism.com/restaurant-week/felice-83/,https://www.felicerestaurants.com/felice-83,
felice-columbus,Felice Columbus,Manhattan,Upper West Side,"240 Columbus Ave., Manhattan, NY, 10023","[""Italian""]","[""$30"", ""$45""]","[""dinner"", ""lunch""]","[""Week 4 (Aug 10 - Aug 16)"", ""Week 5 (Aug 17 - Aug 23)"", ""Week 6 (Aug 24 - Aug 31)"", ""Week 7 (Sept 1 - Sept 6)""]",1,https://nyc-tourism-public.s3.amazonaws.com/srw26/menus/46068-FeliceColumbus-menu.pdf,,https://www.nyctourism.com/restaurant-week/felice-columbus/,https://www.felicerestaurants.com/felice-columbus,partial
felice-flatiron,Felice Flatiron,Manhattan,Nomad,"220 Fifth Ave., Manhattan, NY, 10001","[""Italian""]","[""$30"", ""$45""]","[""brunch"", ""dinner"", ""lunch""]","[""Week 4 (Aug 10 - Aug 16)"", ""Week 5 (Aug 17 - Aug 23)"", ""Week 6 (Aug 24 - Aug 31)"", ""Week 7 (Sept 1 - Sept 6)""]",1,,,https://www.nyctourism.com/restaurant-week/felice-flatiron/,https://www.felicerestaurants.com/felice-flatiron,
felice-montague,Felice Montague,Brooklyn,Brooklyn Heights,"84 Montague St., Brooklyn, NY, 11201","[""Italian""]","[""$30"", ""$45""]","[""dinner"", ""lunch""]","[""Week 4 (Aug 10 - Aug 16)"", ""Week 5 (Aug 17 - Aug 23)"", ""Week 6 (Aug 24 - Aug 31)"", ""Week 7 (Sept 1 - Sept 6)""]",1,,,https://www.nyctourism.com/restaurant-week/felice-montague/,https://www.felicerestaurants.com/felice-montague,
felice-on-hudson,Felice on Hudson,Manhattan,West Village,"615 Hudson St., Manhattan, NY, 10014","[""Italian""]","[""$30"", ""$45""]","[""dinner"", ""lunch""]","[""Week 4 (Aug 10 - Aug 16)"", ""Week 5 (Aug 17 - Aug 23)"", ""Week 6 (Aug 24 - Aug 31)"", ""Week 7 (Sept 1 - Sept 6)""]",1,,,https://www.nyctourism.com/restaurant-week/felice-on-hudson/,https://www.felicerestaurants.com/felice-hudson,
file-gumbo-bar,Filé Gumbo Bar,Manhattan,Tribeca,"275 Church St., Manhattan, NY, 10013","[""Cajun/Creole""]","[""$45"", ""$60""]","[""dinner"", ""lunch""]","[""Week 4 (Aug 10 - Aug 16)"", ""Week 5 (Aug 17 - Aug 23)"", ""Week 6 (Aug 24 - Aug 31)""]",1,https://nyc-tourism-public.s3.amazonaws.com/srw26/menus/46614-Fil%C3%A9GumboBar-menu.pdf,https://www.opentable.com/restref/client/?rid=1178713,https://www.nyctourism.com/restaurant-week/file-gumbo-bar/,https://filenyc.com,full
fish-cheeks,Fish Cheeks,Manhattan,Noho,"55 Bond St., Manhattan, NY, 10012","[""Thai"", ""Seafood""]","[""$45"", ""$60""]","[""dinner"", ""lunch""]","[""Week 4 (Aug 10 - Aug 16)""]",0,,,https://www.nyctourism.com/restaurant-week/fish-cheeks/,https://www.fishcheeksnyc.com,
fish-cheeks-brooklyn,Fish Cheeks Brooklyn,Brooklyn,Williamsburg,"661 Driggs Ave., Brooklyn, NY, 11211","[""Thai"", ""Seafood""]","[""$45"", ""$60""]","[""dinner"", ""lunch""]","[""Week 4 (Aug 10 - Aug 16)""]",0,,,https://www.nyctourism.com/restaurant-week/fish-cheeks-brooklyn/,https://www.fishcheeksnyc.com/location/fish-cheeks-williamsburg,
flava-of-the-bronx,Flava of the Bronx,The Bronx,Woodstock,"3114 Third Ave., Bronx, NY, 10451","[""Caribbean""]","[""$30"", ""$60""]","[""brunch"", ""dinner"", ""lunch""]","[""Week 4 (Aug 10 - Aug 16)"", ""Week 5 (Aug 17 - Aug 23)"", ""Week 6 (Aug 24 - Aug 31)"", ""Week 7 (Sept 1 - Sept 6)""]",1,https://nyc-tourism-public.s3.amazonaws.com/srw26/menus/46594-FlavaoftheBronx-menu.pdf,,https://www.nyctourism.com/restaurant-week/flava-of-the-bronx/,https://flavaofthebronx.com,failed
florentin-bistro,Florentin Bistro,Manhattan,Upper West Side,"480 Amsterdam Ave., Manhattan, NY, 10024","[""Mediterranean""]","[""$30"", ""$45""]","[""dinner"", ""lunch""]","[""Week 4 (Aug 10 - Aug 16)"", ""Week 5 (Aug 17 - Aug 23)"", ""Week 6 (Aug 24 - Aug 31)"", ""Week 7 (Sept 1 - Sept 6)""]",1,https://nyc-tourism-public.s3.amazonaws.com/srw26/menus/50903-FlorentinBistro-menu.pdf,https://www.opentable.com/restref/client/?rid=1476607,https://www.nyctourism.com/restaurant-week/florentin-bistro/,https://www.florentinbistro.com,partial
fogo-de-chao-churrascaria-brazilian-steakhouse,Fogo de Chão Brazilian Steakhouse,Manhattan,Midtown West,"40 W. 53rd St., Manhattan, NY, 10019","[""Brazilian"", ""Steakhouse""]","[""$60""]","[""dinner""]","[""Week 4 (Aug 10 - Aug 16)""]",1,,https://www.opentable.com/restref/client/?rid=115417,https://www.nyctourism.com/restaurant-week/fogo-de-chao-churrascaria-brazilian-steakhouse/,https://fogodechao.com/location/new-york,
fogo-de-chao-brazilian-steakhouse-brooklyn,Fogo de Chão Brazilian Steakhouse - Brooklyn,Brooklyn,Downtown Brooklyn,"445 Albee Sq. W., Brooklyn, NY, 11201","[""Brazilian"", ""Steakhouse""]","[""$60""]","[""dinner""]","[""Week 4 (Aug 10 - Aug 16)""]",1,,https://www.opentable.com/restref/client/?rid=1344280,https://www.nyctourism.com/restaurant-week/fogo-de-chao-brazilian-steakhouse-brooklyn/,https://fogodechao.com/location/brooklyn,
fogo-de-chao-brazilian-steakhouse-elmhurst,Fogo de Chão Brazilian Steakhouse - Elmhurst,Queens,Elmhurst,"92-50 59th Ave., Queens, NY, 11373","[""Brazilian"", ""Steakhouse""]","[""$60""]","[""dinner""]","[""Week 4 (Aug 10 - Aug 16)""]",1,,https://www.opentable.com/restref/client/?rid=1231222,https://www.nyctourism.com/restaurant-week/fogo-de-chao-brazilian-steakhouse-elmhurst/,https://fogodechao.com/location/queens,
fogo-de-chao-brazilian-steakhouse-world-trade-center,Fogo de Chão Brazilian Steakhouse - World Trade Center,Manhattan,Lower Manhattan,"40 Cortlandt Way, Tower 3, #1340, Manhattan, NY, 10007","[""Brazilian"", ""Steakhouse""]","[""$60""]","[""dinner""]","[""Week 4 (Aug 10 - Aug 16)""]",1,,https://www.opentable.com/restref/client/?rid=1381732,https://www.nyctourism.com/restaurant-week/fogo-de-chao-brazilian-steakhouse-world-trade-center/,https://fogodechao.com/location/world-trade-center,
folk,Folk,Brooklyn,Greenwood,"689 6th Ave., Brooklyn, NY, 11215","[""American (New)"", ""Indian""]","[""$45""]","[""dinner""]","[""Week 4 (Aug 10 - Aug 16)"", ""Week 5 (Aug 17 - Aug 23)"", ""Week 6 (Aug 24 - Aug 31)"", ""Week 7 (Sept 1 - Sept 6)""]",1,https://nyc-tourism-public.s3.amazonaws.com/srw26/menus/51041-Folk-menu.pdf,,https://www.nyctourism.com/restaurant-week/folk/,https://www.folkbrooklyn.com/,full
four-twenty-five,Four Twenty Five,Manhattan,Midtown East,"425 Park Ave., Manhattan, NY, 10022","[""American (New)""]","[""$60""]","[""dinner"", ""lunch""]","[""Week 4 (Aug 10 - Aug 16)"", ""Week 5 (Aug 17 - Aug 23)"", ""Week 6 (Aug 24 - Aug 31)"", ""Week 7 (Sept 1 - Sept 6)""]",1,,,https://www.nyctourism.com/restaurant-week/four-twenty-five/,https://www.425parkrestaurant.com,
francie,Francie,Brooklyn,Williamsburg,"136 Broadway, Brooklyn, NY, 11249","[""American (New)""]","[""$60""]","[""dinner""]","[""Week 4 (Aug 10 - Aug 16)""]",0,https://nyc-tourism-public.s3.amazonaws.com/srw26/menus/44609-Francie-menu.pdf,https://www.opentable.com/restref/client/?rid=1146772,https://www.nyctourism.com/restaurant-week/francie/,https://www.franciebrooklyn.com,full
frankie-johnnies-steakhouse-46th-street,Frankie & Johnnie’s Steakhouse,Manhattan,Times Square/Theatre District,"320 W. 46th St., Manhattan, NY, 10036","[""Steakhouse""]","[""$60""]","[""brunch"", ""dinner"", ""lunch""]","[""Week 4 (Aug 10 - Aug 16)"", ""Week 5 (Aug 17 - Aug 23)"", ""Week 6 (Aug 24 - Aug 31)"", ""Week 7 (Sept 1 - Sept 6)""]",1,https://nyc-tourism-public.s3.amazonaws.com/srw26/menus/7617-FrankieandJohnniesSteakhouse46thStreet-menu.pdf,https://www.opentable.com/restref/client/?rid=211633,https://www.nyctourism.com/restaurant-week/frankie-johnnies-steakhouse-46th-street/,https://frankieandjohnnies.com,full
french-louie,French Louie,Brooklyn,Boerum Hill,"320 Atlantic Ave., Brooklyn, NY, 11201","[""French""]","[""$30"", ""$45""]","[""dinner"", ""lunch""]","[""Week 4 (Aug 10 - Aug 16)"", ""Week 5 (Aug 17 - Aug 23)"", ""Week 6 (Aug 24 - Aug 31)"", ""Week 7 (Sept 1 - Sept 6)""]",1,https://nyc-tourism-public.s3.amazonaws.com/srw26/menus/39050-FrenchLouie-menu.pdf,,https://www.nyctourism.com/restaurant-week/french-louie/,https://frenchlouienyc.com,partial
french-roast,French Roast,Manhattan,Upper West Side,"2340 Broadway, Manhattan, NY, 10024","[""French""]","[""$30"", ""$45""]","[""dinner"", ""lunch""]","[""Week 4 (Aug 10 - Aug 16)"", ""Week 5 (Aug 17 - Aug 23)"", ""Week 6 (Aug 24 - Aug 31)"", ""Week 7 (Sept 1 - Sept 6)""]",0,https://nyc-tourism-public.s3.amazonaws.com/srw26/menus/23932-FrenchRoast-menu.pdf,https://www.opentable.com/restref/client/?rid=3783,https://www.nyctourism.com/restaurant-week/french-roast/,https://www.frenchroastnyc.com,full
frenchette,Frenchette,Manhattan,Tribeca,"241 West Broadway, Manhattan, NY, 10013","[""French""]","[""$60""]","[""brunch"", ""dinner"", ""lunch""]","[""Week 4 (Aug 10 - Aug 16)"", ""Week 5 (Aug 17 - Aug 23)"", ""Week 6 (Aug 24 - Aug 31)"", ""Week 7 (Sept 1 - Sept 6)""]",1,,https://www.opentable.com/restref/client/?rid=1028608,https://www.nyctourism.com/restaurant-week/frenchette/,https://www.frenchettenyc.com,
frida-midtown,Frida Midtown,Manhattan,Midtown East,"214 E. 52nd St., Manhattan, NY, 10022","[""Mexican"", ""Peruvian""]","[""$30"", ""$60""]","[""brunch"", ""dinner"", ""lunch""]","[""Week 4 (Aug 10 - Aug 16)"", ""Week 5 (Aug 17 - Aug 23)"", ""Week 6 (Aug 24 - Aug 31)"", ""Week 7 (Sept 1 - Sept 6)""]",1,,https://www.opentable.com/restref/client/?rid=139597,https://www.nyctourism.com/restaurant-week/frida-midtown/,https://fridamidtown.com,
fushimi-times-square,Fushimi - Times Square,Manhattan,Hells Kitchen,"311 W. 43rd St., Manhattan, NY, 10036","[""Japanese / Sushi"", ""French"", ""Asian Fusion"", ""Bars/Cocktails""]","[""$30"", ""$60""]","[""brunch"", ""dinner"", ""lunch""]","[""Week 4 (Aug 10 - Aug 16)"", ""Week 5 (Aug 17 - Aug 23)"", ""Week 6 (Aug 24 - Aug 31)"", ""Week 7 (Sept 1 - Sept 6)""]",1,https://nyc-tourism-public.s3.amazonaws.com/srw26/menus/48239-Fushimi-TimesSquare-menu.pdf,https://www.opentable.com/restref/client/?rid=1292557,https://www.nyctourism.com/restaurant-week/fushimi-times-square/,https://fushimi.nyc,failed
fushimi-williamsburg,Fushimi - Williamsburg,Brooklyn,Williamsburg,"475 Driggs Ave., Brooklyn, NY, 11211","[""Japanese / Sushi"", ""French"", ""Asian Fusion""]","[""$30"", ""$60""]","[""brunch"", ""dinner"", ""lunch""]","[""Week 4 (Aug 10 - Aug 16)"", ""Week 5 (Aug 17 - Aug 23)"", ""Week 6 (Aug 24 - Aug 31)"", ""Week 7 (Sept 1 - Sept 6)""]",1,,https://www.opentable.com/restref/client/?rid=82420,https://www.nyctourism.com/restaurant-week/fushimi-williamsburg/,https://fushimiwilliamsburg.com,
gage-tollner,Gage & Tollner,Brooklyn,Downtown Brooklyn,"372 Fulton St., Brooklyn, NY, 11201","[""American (Traditional)""]","[""$45"", ""$60""]","[""brunch"", ""dinner""]","[""Week 4 (Aug 10 - Aug 16)"", ""Week 5 (Aug 17 - Aug 23)"", ""Week 6 (Aug 24 - Aug 31)"", ""Week 7 (Sept 1 - Sept 6)""]",1,https://nyc-tourism-public.s3.amazonaws.com/srw26/menus/7623-Gage%26Tollner-menu.pdf,https://www.opentable.com/restref/client/?rid=1123618,https://www.nyctourism.com/restaurant-week/gage-tollner/,https://www.gageandtollner.com,full
gaia-restaurant,Gaia,Manhattan,Herald Square,"42 W. 35th St., Manhattan, NY, 10001","[""Mediterranean""]","[""$45"", ""$60""]","[""brunch"", ""dinner"", ""lunch""]","[""Week 4 (Aug 10 - Aug 16)""]",1,https://nyc-tourism-public.s3.amazonaws.com/srw26/menus/49362-Gaia-menu.pdf,https://www.opentable.com/restref/client/?rid=1389583,https://www.nyctourism.com/restaurant-week/gaia-restaurant/,https://www.gaiarestaurant.com,full
gallaghers-steakhouse,Gallaghers Steakhouse,Manhattan,Times Square/Theatre District,"228 W. 52nd St., Manhattan, NY, 10019","[""Steakhouse""]","[""$30""]","[""brunch"", ""lunch""]","[""Week 4 (Aug 10 - Aug 16)"", ""Week 5 (Aug 17 - Aug 23)"", ""Week 6 (Aug 24 - Aug 31)"", ""Week 7 (Sept 1 - Sept 6)""]",1,,https://www.opentable.com/restref/client/?rid=104182,https://www.nyctourism.com/restaurant-week/gallaghers-steakhouse/,https://www.gallaghersnysteakhouse.com,
gaonnuri,Gaonnuri,Manhattan,Koreatown,"1250 Broadway (enter at 32nd St.) , 39th fl., Manhattan, NY, 10001","[""Korean""]","[""$60""]","[""dinner""]","[""Week 4 (Aug 10 - Aug 16)""]",1,https://nyc-tourism-public.s3.amazonaws.com/srw26/menus/37535-Gaonnuri-menu.pdf,https://www.opentable.com/restref/client/?rid=92776,https://www.nyctourism.com/restaurant-week/gaonnuri/,https://www.gaonnurinyc.com,partial
gargiulos-restaurant,Gargiulo's,Brooklyn,Coney Island,"2911 W. 15th St., Brooklyn, NY, 11224","[""Italian""]","[""$45""]","[""brunch"", ""dinner"", ""lunch""]","[""Week 4 (Aug 10 - Aug 16)"", ""Week 5 (Aug 17 - Aug 23)"", ""Week 6 (Aug 24 - Aug 31)"", ""Week 7 (Sept 1 - Sept 6)""]",1,,https://www.opentable.com/restref/client/?rid=166234,https://www.nyctourism.com/restaurant-week/gargiulos-restaurant/,https://gargiulos.com,
ginger-ristoranti-new-york,Ginger Ristoranti,Manhattan,Midtown West,"123 W. 49th St., Manhattan, NY, 10020","[""Italian""]","[""$45"", ""$60""]","[""brunch"", ""dinner"", ""lunch""]","[""Week 4 (Aug 10 - Aug 16)"", ""Week 5 (Aug 17 - Aug 23)"", ""Week 6 (Aug 24 - Aug 31)"", ""Week 7 (Sept 1 - Sept 6)""]",1,https://nyc-tourism-public.s3.amazonaws.com/srw26/menus/50389-GingerRistorantiNewYork-menu.pdf,https://www.opentable.com/restref/client/?rid=1466335,https://www.nyctourism.com/restaurant-week/ginger-ristoranti-new-york/,https://gingerristoranti.com/restaurant/ginger-ny,partial
giorgios-of-gramercy,Giorgio's of Gramercy,Manhattan,Gramercy,"27 E. 21st St., Manhattan, NY, 10010","[""American (New)"", ""Italian""]","[""$30"", ""$60""]","[""dinner"", ""lunch""]","[""Week 4 (Aug 10 - Aug 16)"", ""Week 5 (Aug 17 - Aug 23)"", ""Week 6 (Aug 24 - Aug 31)"", ""Week 7 (Sept 1 - Sept 6)""]",1,https://nyc-tourism-public.s3.amazonaws.com/srw26/menus/25269-Giorgio%27sofGramercy-menu.pdf,https://www.opentable.com/restref/client/?rid=11560,https://www.nyctourism.com/restaurant-week/giorgios-of-gramercy/,https://giorgiosofgramercy.com,full
golden-unicorn,Golden Unicorn,Manhattan,Chinatown,"18 East Broadway, Manhattan, NY, 10002","[""Chinese""]","[""$30"", ""$60""]","[""brunch"", ""dinner"", ""lunch""]","[""Week 4 (Aug 10 - Aug 16)"", ""Week 5 (Aug 17 - Aug 23)"", ""Week 6 (Aug 24 - Aug 31)"", ""Week 7 (Sept 1 - Sept 6)""]",1,https://nyc-tourism-public.s3.amazonaws.com/srw26/menus/44521-GoldenUnicorn-menu.pdf,,https://www.nyctourism.com/restaurant-week/golden-unicorn/,https://www.goldenunicornrestaurant.com,partial
gran-morsi,Gran Morsi,Manhattan,Tribeca,"22 Warren St., Manhattan, NY, 10007","[""Italian""]","[""$60""]","[""dinner""]","[""Week 4 (Aug 10 - Aug 16)"", ""Week 5 (Aug 17 - Aug 23)"", ""Week 6 (Aug 24 - Aug 31)"", ""Week 7 (Sept 1 - Sept 6)""]",1,https://nyc-tourism-public.s3.amazonaws.com/srw26/menus/38779-GranMorsi-menu.pdf,https://www.opentable.com/restref/client/?rid=151951,https://www.nyctourism.com/restaurant-week/gran-morsi/,https://www.granmorsi.com,partial
grand-brasserie,Grand Brasserie,Manhattan,Midtown East,"Vanderbilt Hall, 89 E. 42nd St., Manhattan, NY, 10017","[""French""]","[""$30"", ""$45""]","[""brunch"", ""dinner"", ""lunch""]","[""Week 4 (Aug 10 - Aug 16)"", ""Week 5 (Aug 17 - Aug 23)"", ""Week 6 (Aug 24 - Aug 31)"", ""Week 7 (Sept 1 - Sept 6)""]",1,https://nyc-tourism-public.s3.amazonaws.com/srw26/menus/49366-GrandBrasserie-menu.pdf,https://www.opentable.com/restref/client/?rid=1363489,https://www.nyctourism.com/restaurant-week/grand-brasserie/,https://www.grandbrasserie.com,partial
grandmas-home,Grandma's Home,Manhattan,Flatiron District,"56 W. 22nd St., Manhattan, NY, 10010","[""Chinese""]","[""$45""]","[""brunch"", ""dinner""]","[""Week 4 (Aug 10 - Aug 16)"", ""Week 5 (Aug 17 - Aug 23)"", ""Week 6 (Aug 24 - Aug 31)"", ""Week 7 (Sept 1 - Sept 6)""]",1,https://nyc-tourism-public.s3.amazonaws.com/srw26/menus/51301-Grandma%27sHome-menu.pdf,,https://www.nyctourism.com/restaurant-week/grandmas-home/,https://www.grandmashome.us,partial
greywind,Greywind,Manhattan,Hudson Yards,"451 Tenth Ave., Manhattan, NY, 10018","[""American (New)""]","[""$30"", ""$60""]","[""dinner"", ""lunch""]","[""Week 4 (Aug 10 - Aug 16)""]",0,,,https://www.nyctourism.com/restaurant-week/greywind/,https://www.greywindnyc.com,
grotta-azzurra-restaurant,Grotta Azzurra,Manhattan,Little Italy,"177 Mulberry St., Manhattan, NY, 10013","[""Italian""]","[""$30"", ""$60""]","[""brunch"", ""dinner"", ""lunch""]","[""Week 4 (Aug 10 - Aug 16)"", ""Week 5 (Aug 17 - Aug 23)"", ""Week 6 (Aug 24 - Aug 31)"", ""Week 7 (Sept 1 - Sept 6)""]",1,https://nyc-tourism-public.s3.amazonaws.com/srw26/menus/10954-GrottaAzzurra-menu.pdf,,https://www.nyctourism.com/restaurant-week/grotta-azzurra-restaurant/,https://bluegrotta.com,partial
gui-steakhouse,Gui Steakhouse,Manhattan,Times Square/Theatre District,"776 Eighth Ave., Manhattan, NY, 10036","[""Steakhouse"", ""Korean""]","[""$30"", ""$60""]","[""brunch"", ""dinner"", ""lunch""]","[""Week 4 (Aug 10 - Aug 16)"", ""Week 5 (Aug 17 - Aug 23)"", ""Week 6 (Aug 24 - Aug 31)"", ""Week 7 (Sept 1 - Sept 6)""]",1,https://nyc-tourism-public.s3.amazonaws.com/srw26/menus/49744-GuiSteakhouse-menu.pdf,https://www.opentable.com/restref/client/?rid=1275472,https://www.nyctourism.com/restaurant-week/gui-steakhouse/,https://www.guinyc.com,failed
gupshup,GupShup,Manhattan,Gramercy,"115 E. 18th St., Manhattan, NY, 10003","[""Indian""]","[""$60""]","[""dinner""]","[""Week 4 (Aug 10 - Aug 16)""]",1,https://nyc-tourism-public.s3.amazonaws.com/srw26/menus/44287-Gupshup-menu.pdf,https://www.opentable.com/restref/client/?rid=1027957,https://www.nyctourism.com/restaurant-week/gupshup/,https://www.gupshupnyc.com,full
gyu-kaku-times-square,Gyu-Kaku  - Times Square,Manhattan,Hells Kitchen,"321 W. 44th St., Unit 103, Manhattan, NY, 10036","[""Japanese / Sushi""]","[""$30"", ""$60""]","[""brunch"", ""dinner"", ""lunch""]","[""Week 4 (Aug 10 - Aug 16)""]",1,https://nyc-tourism-public.s3.amazonaws.com/srw26/menus/44801-Gyu-KakuJapaneseBBQ-TimesSquare-menu.pdf,https://www.opentable.com/restref/client/?rid=79393,https://www.nyctourism.com/restaurant-week/gyu-kaku-times-square/,https://www.gyu-kaku.com/times-square,partial
gyu-kaku-japanese-bbq-amsterdam,Gyu-Kaku Japanese BBQ - Amsterdam,Manhattan,Upper West Side,"620 Amsterdam Ave., Manhattan, NY, 10024","[""Japanese / Sushi""]","[""$30"", ""$60""]","[""brunch"", ""dinner"", ""lunch""]","[""Week 4 (Aug 10 - Aug 16)""]",1,https://nyc-tourism-public.s3.amazonaws.com/srw26/menus/44856-Gyu-KakuJapaneseBBQ-Amsterdam-menu.pdf,https://www.opentable.com/restref/client/?rid=1047469,https://www.nyctourism.com/restaurant-week/gyu-kaku-japanese-bbq-amsterdam/,https://www.gyu-kaku.com/amsterdam,partial
gyu-kaku-japanese-bbq-east-village,Gyu-Kaku Japanese BBQ - East Village,Manhattan,Noho,"34 Cooper Square, Manhattan, NY, 10003","[""Japanese / Sushi""]","[""$30"", ""$60""]","[""brunch"", ""dinner"", ""lunch""]","[""Week 4 (Aug 10 - Aug 16)""]",1,https://nyc-tourism-public.s3.amazonaws.com/srw26/menus/44896-Gyu-KakuJapaneseBBQ-EastVillage-menu.pdf,https://www.opentable.com/restref/client/?rid=7703,https://www.nyctourism.com/restaurant-week/gyu-kaku-japanese-bbq-east-village/,https://www.gyu-kaku.com/east-village,partial
gyu-kaku-japanese-bbq-long-island-city,Gyu-Kaku Japanese BBQ - Long Island City,Queens,Long Island City,"44-45 21st St., Queens, NY, 11101","[""Japanese / Sushi""]","[""$30"", ""$60""]","[""dinner"", ""lunch""]","[""Week 4 (Aug 10 - Aug 16)"", ""Week 5 (Aug 17 - Aug 23)"", ""Week 6 (Aug 24 - Aug 31)"", ""Week 7 (Sept 1 - Sept 6)""]",0,https://nyc-tourism-public.s3.amazonaws.com/srw26/menus/49799-Gyu-KakuJapaneseBBQ-LongIslandCity-menu.pdf,https://www.opentable.com/restref/client/?rid=1388899,https://www.nyctourism.com/restaurant-week/gyu-kaku-japanese-bbq-long-island-city/,https://www.gyu-kaku.com/longislandcity,partial
gyu-kaku-midtown,Gyu-Kaku Japanese BBQ - Midtown,Manhattan,Midtown East,"805 Third Ave., 2nd fl., Manhattan, NY, 10022","[""Japanese / Sushi""]","[""$30"", ""$60""]","[""brunch"", ""dinner"", ""lunch""]","[""Week 4 (Aug 10 - Aug 16)""]",1,https://nyc-tourism-public.s3.amazonaws.com/srw26/menus/44802-Gyu-KakuJapaneseBBQ-Midtown-menu.pdf,https://www.opentable.com/restref/client/?rid=7700,https://www.nyctourism.com/restaurant-week/gyu-kaku-midtown/,https://www.gyu-kaku.com/midtown,partial
haidilao-huoguo,Haidilao Huoguo,Queens,Flushing,"138-23 39th Ave., Queens, NY, 11354","[""Chinese""]","[""$45"", ""$60""]","[""brunch"", ""dinner"", ""lunch""]","[""Week 4 (Aug 10 - Aug 16)""]",1,,,https://www.nyctourism.com/restaurant-week/haidilao-huoguo/,https://haidilaoflushingreserve.com,
hangawi,HanGawi,Manhattan,Koreatown,"12 E. 32nd St., Manhattan, NY, 10016","[""Vegan"", ""Korean"", ""Vegetarian""]","[""$60""]","[""dinner""]","[""Week 4 (Aug 10 - Aug 16)"", ""Week 5 (Aug 17 - Aug 23)"", ""Week 6 (Aug 24 - Aug 31)"", ""Week 7 (Sept 1 - Sept 6)""]",1,https://nyc-tourism-public.s3.amazonaws.com/srw26/menus/9276-HanGawi-menu.pdf,,https://www.nyctourism.com/restaurant-week/hangawi/,https://hangawirestaurant.com,full
hanaya-omakase,Hanaya Omakase,Manhattan,Hells Kitchen,"630 Ninth Ave., Manhattan, NY, 10036","[""Japanese / Sushi""]","[""$60""]","[""brunch"", ""dinner"", ""lunch""]","[""Week 4 (Aug 10 - Aug 16)"", ""Week 5 (Aug 17 - Aug 23)"", ""Week 6 (Aug 24 - Aug 31)"", ""Week 7 (Sept 1 - Sept 6)""]",1,https://nyc-tourism-public.s3.amazonaws.com/srw26/menus/50869-HanayaOmakase-menu.pdf,,https://www.nyctourism.com/restaurant-week/hanaya-omakase/,https://www.instagram.com/hanayanyc,failed
hard-rock-cafe,Hard Rock Cafe,Manhattan,Times Square/Theatre District,"1501 Broadway, Manhattan, NY, 10036","[""American (Traditional)""]","[""$45""]","[""brunch"", ""dinner"", ""lunch""]","[""Week 4 (Aug 10 - Aug 16)"", ""Week 5 (Aug 17 - Aug 23)"", ""Week 6 (Aug 24 - Aug 31)"", ""Week 7 (Sept 1 - Sept 6)""]",1,,https://www.opentable.com/restref/client/?rid=174004,https://www.nyctourism.com/restaurant-week/hard-rock-cafe/,https://cafe.hardrock.com/new-york,
harta,Harta,Manhattan,Garment District,"Grayson Hotel, 30 W. 39th St., Manhattan, NY, 10018","[""American (New)""]","[""$30"", ""$45""]","[""brunch"", ""dinner"", ""lunch""]","[""Week 4 (Aug 10 - Aug 16)"", ""Week 5 (Aug 17 - Aug 23)"", ""Week 6 (Aug 24 - Aug 31)"", ""Week 7 (Sept 1 - Sept 6)""]",1,https://nyc-tourism-public.s3.amazonaws.com/srw26/menus/47823-Harta-menu.pdf,https://www.opentable.com/restref/client/?rid=1256209,https://www.nyctourism.com/restaurant-week/harta/,https://www.hartanyc.com,full
hasaki,Hasaki,Manhattan,East Village,"210 E. 9th St., New York, NY, 10003","[""Japanese / Sushi""]","[""$60""]","[""dinner""]","[""Week 4 (Aug 10 - Aug 16)"", ""Week 5 (Aug 17 - Aug 23)"", ""Week 6 (Aug 24 - Aug 31)"", ""Week 7 (Sept 1 - Sept 6)""]",0,https://nyc-tourism-public.s3.amazonaws.com/srw26/menus/50526-Hasaki-menu.pdf,,https://www.nyctourism.com/restaurant-week/hasaki/,https://www.hasakinyc.com,full
hav-mar,Hav & Mar,Manhattan,Chelsea,"245 Eleventh Ave., Manhattan, NY, 10001","[""Seafood"", ""Ethiopian""]","[""$60""]","[""dinner""]","[""Week 4 (Aug 10 - Aug 16)""]",1,https://nyc-tourism-public.s3.amazonaws.com/srw26/menus/48438-Hav%26Mar-menu.pdf,https://www.opentable.com/restref/client/?rid=1259890,https://www.nyctourism.com/restaurant-week/hav-mar/,https://www.havandmar.com,partial
havana-central-times-square,Havana Central,Manhattan,Times Square/Theatre District,"151 W. 46th St., Manhattan, NY, 10036","[""Cuban""]","[""$30"", ""$45""]","[""brunch"", ""dinner"", ""lunch""]","[""Week 4 (Aug 10 - Aug 16)""]",1,https://nyc-tourism-public.s3.amazonaws.com/srw26/menus/26384-HavanaCentral-menu.pdf,https://www.opentable.com/restref/client/?rid=4664,https://www.nyctourism.com/restaurant-week/havana-central-times-square/,https://www.havanacentral.com/location/times-square,full
haven-rooftop,Haven Rooftop,Manhattan,Times Square/Theatre District,"Sanctuary Hotel, 132 W. 47th St., Manhattan, NY, 10036","[""American (New)""]","[""$30""]","[""lunch""]","[""Week 4 (Aug 10 - Aug 16)"", ""Week 5 (Aug 17 - Aug 23)"", ""Week 6 (Aug 24 - Aug 31)"", ""Week 7 (Sept 1 - Sept 6)""]",0,https://nyc-tourism-public.s3.amazonaws.com/srw26/menus/34081-HavenRooftop-menu.pdf,https://www.opentable.com/restref/client/?rid=90400,https://www.nyctourism.com/restaurant-week/haven-rooftop/,https://www.havenrooftop.com,failed
hawksmoor,Hawksmoor,Manhattan,Gramercy,"109 E. 22nd St., Manhattan, NY, 10010","[""Steakhouse""]","[""$60""]","[""lunch""]","[""Week 4 (Aug 10 - Aug 16)"", ""Week 5 (Aug 17 - Aug 23)"", ""Week 6 (Aug 24 - Aug 31)"", ""Week 7 (Sept 1 - Sept 6)""]",0,https://nyc-tourism-public.s3.amazonaws.com/srw26/menus/45840-Hawksmoor-menu.pdf,https://www.opentable.com/restref/client/?rid=1052086,https://www.nyctourism.com/restaurant-week/hawksmoor/,https://www.hawksmoornyc.com,partial
hearth,Hearth,Manhattan,East Village,"403 E. 12th St., Manhattan, NY, 10009","[""Italian"", ""American (New)""]","[""$30"", ""$60""]","[""dinner"", ""lunch""]","[""Week 4 (Aug 10 - Aug 16)"", ""Week 5 (Aug 17 - Aug 23)"", ""Week 6 (Aug 24 - Aug 31)"", ""Week 7 (Sept 1 - Sept 6)""]",1,https://nyc-tourism-public.s3.amazonaws.com/srw26/menus/38974-Hearth-menu.pdf,,https://www.nyctourism.com/restaurant-week/hearth/,https://www.restauranthearth.com,partial
henrys-end,Henry's End,Brooklyn,Brooklyn Heights,"72 Henry St., Brooklyn, NY, 11201","[""American (New)""]","[""$45""]","[""dinner""]","[""Week 4 (Aug 10 - Aug 16)"", ""Week 5 (Aug 17 - Aug 23)"", ""Week 6 (Aug 24 - Aug 31)"", ""Week 7 (Sept 1 - Sept 6)""]",1,https://nyc-tourism-public.s3.amazonaws.com/srw26/menus/39730-Henry%27sEnd-menu.pdf,https://www.opentable.com/restref/client/?rid=162367,https://www.nyctourism.com/restaurant-week/henrys-end/,https://www.henrysend.com,full
heritage-grand-bakery,Heritage Grand Bakery,Manhattan,Midtown West,"8 W. 40th St., Manhattan, NY, 10018","[""Mediterranean""]","[""$30"", ""$45""]","[""dinner"", ""lunch""]","[""Week 4 (Aug 10 - Aug 16)""]",1,https://nyc-tourism-public.s3.amazonaws.com/srw26/menus/48559-HeritageGrandBakery-menu.pdf,,https://www.nyctourism.com/restaurant-week/heritage-grand-bakery/,https://www.heritagegrandbakery.com,full
hudson-vu,Hudson VU,Manhattan,Hells Kitchen,"Ink 48 Hotel, 653 Eleventh Ave., Manhattan, NY, 10036","[""American (New)""]","[""$30""]","[""lunch""]","[""Week 4 (Aug 10 - Aug 16)"", ""Week 5 (Aug 17 - Aug 23)"", ""Week 6 (Aug 24 - Aug 31)"", ""Week 7 (Sept 1 - Sept 6)""]",0,,,https://www.nyctourism.com/restaurant-week/hudson-vu/,https://www.hudsonvunyc.com,
hunt-fish-club-nyc,Hunt & Fish Club NYC,Manhattan,Times Square/Theatre District,"125 W. 44th St., Manhattan, NY, 10036","[""Steakhouse"", ""Seafood""]","[""$60""]","[""dinner""]","[""Week 4 (Aug 10 - Aug 16)"", ""Week 5 (Aug 17 - Aug 23)"", ""Week 6 (Aug 24 - Aug 31)"", ""Week 7 (Sept 1 - Sept 6)""]",0,https://nyc-tourism-public.s3.amazonaws.com/srw26/menus/39658-Hunt%26FishClubNYC-menu.pdf,https://www.opentable.com/restref/client/?rid=151972,https://www.nyctourism.com/restaurant-week/hunt-fish-club-nyc/,https://www.hfcnyc.com,full
hupo,Hupo,Queens,Long Island City,"10-07 50th Ave., Queens, NY, 11101","[""Chinese""]","[""$60""]","[""dinner""]","[""Week 4 (Aug 10 - Aug 16)"", ""Week 5 (Aug 17 - Aug 23)"", ""Week 6 (Aug 24 - Aug 31)"", ""Week 7 (Sept 1 - Sept 6)""]",1,https://nyc-tourism-public.s3.amazonaws.com/srw26/menus/48482-Hupo-menu.pdf,https://www.opentable.com/restref/client/?rid=1303147,https://www.nyctourism.com/restaurant-week/hupo/,https://www.hupo.nyc,partial
hutong,Hutong,Manhattan,Midtown East,"731 Lexington Ave., Manhattan, NY, 10022","[""Chinese""]","[""$30"", ""$60""]","[""dinner"", ""lunch""]","[""Week 4 (Aug 10 - Aug 16)"", ""Week 5 (Aug 17 - Aug 23)"", ""Week 6 (Aug 24 - Aug 31)"", ""Week 7 (Sept 1 - Sept 6)""]",1,https://nyc-tourism-public.s3.amazonaws.com/srw26/menus/41187-Hutong-menu.pdf,https://www.opentable.com/restref/client/?rid=1283758,https://www.nyctourism.com/restaurant-week/hutong/,https://www.hutong-nyc.com,full
il-carino,Il Carino,Manhattan,Upper East Side,"1710 Second Ave., Manhattan, NY, 10128","[""Italian""]","[""$45""]","[""dinner""]","[""Week 4 (Aug 10 - Aug 16)"", ""Week 5 (Aug 17 - Aug 23)"", ""Week 6 (Aug 24 - Aug 31)"", ""Week 7 (Sept 1 - Sept 6)""]",1,https://nyc-tourism-public.s3.amazonaws.com/srw26/menus/47964-IlCarino-menu.pdf,https://www.opentable.com/restref/client/?rid=986089,https://www.nyctourism.com/restaurant-week/il-carino/,https://www.ilcarinorestaurantnyc.com,full
il-falco,Il Falco,Queens,Long Island City,"21-50 44th Dr., Queens, NY, 11101","[""Italian"", ""Vegetarian""]","[""$30"", ""$45""]","[""dinner"", ""lunch""]","[""Week 4 (Aug 10 - Aug 16)"", ""Week 5 (Aug 17 - Aug 23)"", ""Week 6 (Aug 24 - Aug 31)"", ""Week 7 (Sept 1 - Sept 6)""]",0,https://nyc-tourism-public.s3.amazonaws.com/srw26/menus/45823-IlFalco-menu.pdf,https://www.opentable.com/restref/client/?rid=191239,https://www.nyctourism.com/restaurant-week/il-falco/,https://www.ilfalcolic.com,full
il-fiorista,Il Fiorista,Manhattan,Nomad,"17 W. 26th St., Manhattan, NY, 10010","[""Mediterranean""]","[""$30"", ""$60""]","[""brunch"", ""dinner"", ""lunch""]","[""Week 4 (Aug 10 - Aug 16)"", ""Week 5 (Aug 17 - Aug 23)"", ""Week 6 (Aug 24 - Aug 31)"", ""Week 7 (Sept 1 - Sept 6)""]",1,,https://www.opentable.com/restref/client/?rid=1052233,https://www.nyctourism.com/restaurant-week/il-fiorista/,https://www.ilfioristanyc.com,
il-mulino-new-york-madison,Il Mulino New York | Madison,Manhattan,Midtown East,"58 E. 56th St., Manhattan, NY, 10022","[""Italian""]","[""$60""]","[""dinner""]","[""Week 4 (Aug 10 - Aug 16)"", ""Week 5 (Aug 17 - Aug 23)"", ""Week 6 (Aug 24 - Aug 31)"", ""Week 7 (Sept 1 - Sept 6)""]",1,https://nyc-tourism-public.s3.amazonaws.com/srw26/menus/50329-IlMulinoNewYork%7CMadison-menu.pdf,https://www.opentable.com/restref/client/?rid=1459585,https://www.nyctourism.com/restaurant-week/il-mulino-new-york-madison/,https://www.imny.com/location/madison,full
il-mulino-prime-soho,Il Mulino Prime | Soho,Manhattan,Soho,"331 West Broadway, Manhattan, NY, 10013","[""Steakhouse"", ""Italian""]","[""$45"", ""$60""]","[""brunch"", ""dinner"", ""lunch""]","[""Week 4 (Aug 10 - Aug 16)"", ""Week 5 (Aug 17 - Aug 23)"", ""Week 6 (Aug 24 - Aug 31)"", ""Week 7 (Sept 1 - Sept 6)""]",1,https://nyc-tourism-public.s3.amazonaws.com/srw26/menus/38273-IlMulinoPrimeSoho-menu.pdf,https://www.opentable.com/restref/client/?rid=147904,https://www.nyctourism.com/restaurant-week/il-mulino-prime-soho/,https://www.imny.com/location/prime-soho,partial
il-nonno,Il Nonno,Queens,Astoria,"25-17 Astoria Blvd., Queens, NY, 11102","[""Italian""]","[""$30"", ""$45""]","[""brunch"", ""dinner""]","[""Week 4 (Aug 10 - Aug 16)""]",1,https://nyc-tourism-public.s3.amazonaws.com/srw26/menus/49778-IlNonno-menu.pdf,,https://www.nyctourism.com/restaurant-week/il-nonno/,https://www.ilnonnonyc.com,partial
ilili-restaurant,Ilili Restaurant,Manhattan,Nomad,"236 Fifth Ave., Manhattan, NY, 10001","[""Mediterranean"", ""Middle Eastern""]","[""$30"", ""$60""]","[""dinner"", ""lunch""]","[""Week 4 (Aug 10 - Aug 16)""]",0,,https://www.opentable.com/restref/client/?rid=15550,https://www.nyctourism.com/restaurant-week/ilili-restaurant/,https://www.ililirestaurants.com/location/ilili-nyc,
indian-table,Indian Table,Brooklyn,Cobble Hill,"234 Court St., Brooklyn, NY, 11201","[""Indian""]","[""$45""]","[""dinner""]","[""Week 4 (Aug 10 - Aug 16)""]",0,https://nyc-tourism-public.s3.amazonaws.com/srw26/menus/45413-IndianTable-menu.pdf,,https://www.nyctourism.com/restaurant-week/indian-table/,https://indiantableny.com,partial
industry-kitchen,Industry Kitchen,Manhattan,The Seaport,"70 South St., Manhattan, NY, 10038","[""American (New)""]","[""$30"", ""$45""]","[""brunch"", ""dinner"", ""lunch""]","[""Week 4 (Aug 10 - Aug 16)"", ""Week 5 (Aug 17 - Aug 23)"", ""Week 6 (Aug 24 - Aug 31)"", ""Week 7 (Sept 1 - Sept 6)""]",1,https://nyc-tourism-public.s3.amazonaws.com/srw26/menus/42604-IndustryKitchen-menu.pdf,https://www.opentable.com/restref/client/?rid=161413,https://www.nyctourism.com/restaurant-week/industry-kitchen/,https://www.industry-kitchen.com,full
isabelles-osteria,Isabelle's Osteria,Manhattan,Gramercy,"245 Park Ave. South, Manhattan, NY, 10003","[""Italian"", ""Seafood""]","[""$30"", ""$60""]","[""dinner"", ""lunch""]","[""Week 4 (Aug 10 - Aug 16)"", ""Week 5 (Aug 17 - Aug 23)""]",0,https://nyc-tourism-public.s3.amazonaws.com/srw26/menus/40038-Isabelle%27sOsteria-menu.pdf,https://www.opentable.com/restref/client/?rid=335782,https://www.nyctourism.com/restaurant-week/isabelles-osteria/,https://isabellesnyc.com,full
ishq,Ishq,Manhattan,East Village,"202 Avenue A, Manhattan, NY, 10009","[""Indian""]","[""$45""]","[""dinner""]","[""Week 4 (Aug 10 - Aug 16)"", ""Week 5 (Aug 17 - Aug 23)"", ""Week 6 (Aug 24 - Aug 31)"", ""Week 7 (Sept 1 - Sept 6)""]",1,,,https://www.nyctourism.com/restaurant-week/ishq/,https://www.ishq.nyc,
izakaya-futago,Izakaya Futago,Manhattan,Midtown East,"211 E. 43rd St., Manhattan, NY, 10017","[""Japanese / Sushi""]","[""$30"", ""$60""]","[""dinner"", ""lunch""]","[""Week 4 (Aug 10 - Aug 16)"", ""Week 5 (Aug 17 - Aug 23)"", ""Week 6 (Aug 24 - Aug 31)"", ""Week 7 (Sept 1 - Sept 6)""]",1,https://nyc-tourism-public.s3.amazonaws.com/srw26/menus/50314-IzakayaFutago-menu.pdf,https://www.opentable.com/restref/client/?rid=1321891,https://www.nyctourism.com/restaurant-week/izakaya-futago/,https://www.izakaya-futago.com,failed
jack-and-charlies-no-118,Jack & Charlie’s No. 118,Manhattan,West Village,"118 Greenwich Ave., Manhattan, NY, 10011","[""American (New)""]","[""$60""]","[""dinner""]","[""Week 4 (Aug 10 - Aug 16)""]",0,https://nyc-tourism-public.s3.amazonaws.com/srw26/menus/49662-Jack%26Charlie%E2%80%99sNo.118-menu.pdf,,https://www.nyctourism.com/restaurant-week/jack-and-charlies-no-118/,https://www.jackandcharlies118.com,partial
jacks-all-day,Jack's All Day,Manhattan,Times Square/Theatre District,"731 Eighth Ave., Manhattan, NY, 10036","[""American (New)""]","[""$45""]","[""dinner""]","[""Week 4 (Aug 10 - Aug 16)"", ""Week 5 (Aug 17 - Aug 23)"", ""Week 6 (Aug 24 - Aug 31)"", ""Week 7 (Sept 1 - Sept 6)""]",1,,https://www.opentable.com/restref/client/?rid=1519129,https://www.nyctourism.com/restaurant-week/jacks-all-day/,https://www.jacksalldaynyc.com,
jacobs-pickles-upper-west-side,Jacob's Pickles,Manhattan,Upper West Side,"680 Columbus Ave., Manhattan, NY, 10025","[""Soul Food / Southern""]","[""$30"", ""$45""]","[""dinner"", ""lunch""]","[""Week 4 (Aug 10 - Aug 16)""]",1,https://nyc-tourism-public.s3.amazonaws.com/srw26/menus/41845-Jacob%27sPickles-menu.pdf,,https://www.nyctourism.com/restaurant-week/jacobs-pickles-upper-west-side/,https://www.jacobspickles.com/location/jacobs-pickles-upper-west-side,full
jacques-brasserie,Jacques Brasserie,Manhattan,Upper East Side,"204-206 E. 85th St., Manhattan, NY, 10028","[""French""]","[""$45"", ""$60""]","[""brunch"", ""dinner"", ""lunch""]","[""Week 4 (Aug 10 - Aug 16)"", ""Week 5 (Aug 17 - Aug 23)""]",1,https://nyc-tourism-public.s3.amazonaws.com/srw26/menus/19032-JacquesBrasserie-menu.pdf,,https://www.nyctourism.com/restaurant-week/jacques-brasserie/,https://www.jacquesbrasserie.com,full
jade-eatery-and-lounge,Jade Eatery & Lounge,Queens,Forest Hills,"1 Station Sq., Queens, NY, 11375","[""Asian Fusion"", ""Pan-Asian""]","[""$30"", ""$60""]","[""brunch"", ""dinner"", ""lunch""]","[""Week 4 (Aug 10 - Aug 16)"", ""Week 5 (Aug 17 - Aug 23)"", ""Week 6 (Aug 24 - Aug 31)"", ""Week 7 (Sept 1 - Sept 6)""]",1,https://nyc-tourism-public.s3.amazonaws.com/srw26/menus/48485-JadeEatery%26Lounge-menu.pdf,https://www.opentable.com/restref/client/?rid=1071193,https://www.nyctourism.com/restaurant-week/jade-eatery-and-lounge/,https://www.jadeeatery.com,full
jade-rabbit,Jade Rabbit,Manhattan,Midtown West,"Kimpton Era Hotel, 32 W. 48th St., rooftop, Manhattan, NY, 10036","[""Asian Fusion""]","[""$45""]","[""dinner""]","[""Week 4 (Aug 10 - Aug 16)""]",0,https://nyc-tourism-public.s3.amazonaws.com/srw26/menus/50901-JadeRabbit-menu.pdf,https://www.opentable.com/restref/client/?rid=1492843,https://www.nyctourism.com/restaurant-week/jade-rabbit/,https://www.jaderabbitny.com,partial
jasmines-caribbean-cuisine,Jasmine's Caribbean Cuisine,Manhattan,Times Square/Theatre District,"371 W. 46th St., Manhattan, NY, 10036","[""Caribbean""]","[""$30""]","[""dinner""]","[""Week 4 (Aug 10 - Aug 16)"", ""Week 5 (Aug 17 - Aug 23)"", ""Week 6 (Aug 24 - Aug 31)"", ""Week 7 (Sept 1 - Sept 6)""]",1,,https://www.opentable.com/restref/client/?rid=1122676,https://www.nyctourism.com/restaurant-week/jasmines-caribbean-cuisine/,https://www.jasminecaribbeancuisine.com,
jazba,Jazba,Manhattan,East Village,"207 Second Ave., Manhattan, NY, 10003","[""Indian""]","[""$30"", ""$60""]","[""brunch"", ""dinner"", ""lunch""]","[""Week 4 (Aug 10 - Aug 16)"", ""Week 5 (Aug 17 - Aug 23)"", ""Week 6 (Aug 24 - Aug 31)"", ""Week 7 (Sept 1 - Sept 6)""]",1,https://nyc-tourism-public.s3.amazonaws.com/srw26/menus/48386-Jazba-menu.pdf,https://www.opentable.com/restref/client/?rid=1276645,https://www.nyctourism.com/restaurant-week/jazba/,https://www.jazbanyc.com,full
jing-li,Jing Li,Queens,Long Island City,"27-35 Jackson Ave., Queens, NY, 11101","[""Chinese""]","[""$30"", ""$45""]","[""brunch"", ""dinner"", ""lunch""]","[""Week 4 (Aug 10 - Aug 16)"", ""Week 5 (Aug 17 - Aug 23)"", ""Week 6 (Aug 24 - Aug 31)"", ""Week 7 (Sept 1 - Sept 6)""]",1,https://nyc-tourism-public.s3.amazonaws.com/srw26/menus/49413-JingLi-menu.pdf,,https://www.nyctourism.com/restaurant-week/jing-li/,https://jinglinyc.com,partial
jojo,JoJo,Manhattan,Upper East Side,"160 E. 64th St., Manhattan, NY, 10065","[""American (New)""]","[""$60""]","[""dinner""]","[""Week 4 (Aug 10 - Aug 16)"", ""Week 5 (Aug 17 - Aug 23)"", ""Week 6 (Aug 24 - Aug 31)"", ""Week 7 (Sept 1 - Sept 6)""]",1,,https://www.opentable.com/restref/client/?rid=4871,https://www.nyctourism.com/restaurant-week/jojo/,https://www.jojorestaurantnyc.com,
josephs-restaurant,Joseph's,Manhattan,Lower Manhattan,"3 Hanover Square, Manhattan, NY, 10004","[""Italian""]","[""$30"", ""$60""]","[""dinner"", ""lunch""]","[""Week 4 (Aug 10 - Aug 16)"", ""Week 5 (Aug 17 - Aug 23)"", ""Week 6 (Aug 24 - Aug 31)"", ""Week 7 (Sept 1 - Sept 6)""]",1,,https://www.opentable.com/restref/client/?rid=87547,https://www.nyctourism.com/restaurant-week/josephs-restaurant/,https://www.josephsnyc.com,
jue-lan-club,Jue Lan Club,Manhattan,Flatiron District,"49 W. 20th St., Manhattan, NY, 10011","[""Chinese""]","[""$30"", ""$45""]","[""brunch"", ""dinner"", ""lunch""]","[""Week 4 (Aug 10 - Aug 16)"", ""Week 5 (Aug 17 - Aug 23)"", ""Week 6 (Aug 24 - Aug 31)"", ""Week 7 (Sept 1 - Sept 6)""]",1,https://nyc-tourism-public.s3.amazonaws.com/srw26/menus/39750-JueLanClub-menu.pdf,https://www.opentable.com/restref/client/?rid=191161,https://www.nyctourism.com/restaurant-week/jue-lan-club/,https://www.juelanclub.com,full
junoon,Junoon,Manhattan,Flatiron District,"19 W. 24th St., Manhattan, NY, 10010","[""Indian""]","[""$45"", ""$60""]","[""brunch"", ""dinner"", ""lunch""]","[""Week 4 (Aug 10 - Aug 16)"", ""Week 5 (Aug 17 - Aug 23)"", ""Week 6 (Aug 24 - Aug 31)"", ""Week 7 (Sept 1 - Sept 6)""]",1,https://nyc-tourism-public.s3.amazonaws.com/srw26/menus/36051-Junoon-menu.pdf,,https://www.nyctourism.com/restaurant-week/junoon/,https://www.junoonnyc.com,full
kashkaval-garden,Kashkaval Garden,Manhattan,Hells Kitchen,"852 Ninth Ave., Manhattan, NY, 10019","[""Mediterranean""]","[""$30"", ""$45""]","[""brunch"", ""dinner"", ""lunch""]","[""Week 4 (Aug 10 - Aug 16)"", ""Week 5 (Aug 17 - Aug 23)"", ""Week 6 (Aug 24 - Aug 31)"", ""Week 7 (Sept 1 - Sept 6)""]",1,https://nyc-tourism-public.s3.amazonaws.com/srw26/menus/45640-KashkavalGarden-menu.pdf,,https://www.nyctourism.com/restaurant-week/kashkaval-garden/,https://www.kashkavalgarden.com,full
kellari-taverna,Kellari Taverna,Manhattan,Midtown West,"19 W. 44th St., Manhattan, NY, 10036","[""Greek""]","[""$45"", ""$60""]","[""dinner"", ""lunch""]","[""Week 4 (Aug 10 - Aug 16)""]",1,,https://www.opentable.com/restref/client/?rid=5923,https://www.nyctourism.com/restaurant-week/kellari-taverna/,https://kellariny.com,
kimmi,Kimmi,Manhattan,Chinatown,"125 Canal St., Manhattan, NY, 10002","[""Asian Fusion""]","[""$30"", ""$45""]","[""brunch"", ""dinner""]","[""Week 4 (Aug 10 - Aug 16)"", ""Week 5 (Aug 17 - Aug 23)"", ""Week 6 (Aug 24 - Aug 31)"", ""Week 7 (Sept 1 - Sept 6)""]",1,https://nyc-tourism-public.s3.amazonaws.com/srw26/menus/50373-Kimmi-menu.pdf,,https://www.nyctourism.com/restaurant-week/kimmi/,https://www.kimminyc.com,partial
kings-of-kobe,Kings of Kobe,Manhattan,Hells Kitchen,"650 W. 42nd St., Manhattan, NY, 10036","[""Steakhouse""]","[""$45"", ""$60""]","[""brunch"", ""dinner"", ""lunch""]","[""Week 4 (Aug 10 - Aug 16)"", ""Week 5 (Aug 17 - Aug 23)"", ""Week 6 (Aug 24 - Aug 31)"", ""Week 7 (Sept 1 - Sept 6)""]",1,https://nyc-tourism-public.s3.amazonaws.com/srw26/menus/48191-KingsofKobe-menu.pdf,https://www.opentable.com/restref/client/?rid=988825,https://www.nyctourism.com/restaurant-week/kings-of-kobe/,https://www.kingsofkobe.com,full
koi-new-york,Koi New York,Manhattan,Midtown West,"Bryant Park Hotel, 40 W. 40th St., Manhattan, NY, 10018","[""Japanese / Sushi""]","[""$60""]","[""dinner""]","[""Week 4 (Aug 10 - Aug 16)"", ""Week 5 (Aug 17 - Aug 23)"", ""Week 6 (Aug 24 - Aug 31)"", ""Week 7 (Sept 1 - Sept 6)""]",1,https://nyc-tourism-public.s3.amazonaws.com/srw26/menus/26697-KoiNewYork-menu.pdf,https://www.opentable.com/restref/client/?rid=4035,https://www.nyctourism.com/restaurant-week/koi-new-york/,https://koirestaurant.com/new-york,full
kokomo-restaurant,Kokomo,Brooklyn,Williamsburg,"65 Kent Ave., Brooklyn, NY, 11249","[""Caribbean"", ""Jamaican""]","[""$45"", ""$60""]","[""brunch"", ""dinner""]","[""Week 4 (Aug 10 - Aug 16)"", ""Week 5 (Aug 17 - Aug 23)"", ""Week 6 (Aug 24 - Aug 31)"", ""Week 7 (Sept 1 - Sept 6)""]",1,https://nyc-tourism-public.s3.amazonaws.com/srw26/menus/46166-Kokomo-menu.pdf,https://www.opentable.com/restref/client/?rid=1070542,https://www.nyctourism.com/restaurant-week/kokomo-restaurant/,https://www.kokomonyc.com,failed
kraam-thai,Kraam Thai,Manhattan,Nomad,"254 Fifth Ave., Manhattan, NY, 10001","[""Thai""]","[""$45"", ""$60""]","[""brunch"", ""dinner"", ""lunch""]","[""Week 4 (Aug 10 - Aug 16)"", ""Week 5 (Aug 17 - Aug 23)"", ""Week 6 (Aug 24 - Aug 31)"", ""Week 7 (Sept 1 - Sept 6)""]",1,https://nyc-tourism-public.s3.amazonaws.com/srw26/menus/49068-KraamThai-menu.pdf,https://www.opentable.com/restref/client/?rid=1403569,https://www.nyctourism.com/restaurant-week/kraam-thai/,https://kraamnyc.com,partial
kru,Kru,Brooklyn,Greenpoint,"190 N. 14th St., Brooklyn, NY, 11249","[""Thai""]","[""$30"", ""$45""]","[""brunch"", ""dinner"", ""lunch""]","[""Week 4 (Aug 10 - Aug 16)"", ""Week 5 (Aug 17 - Aug 23)"", ""Week 6 (Aug 24 - Aug 31)"", ""Week 7 (Sept 1 - Sept 6)""]",1,https://nyc-tourism-public.s3.amazonaws.com/srw26/menus/48044-Kru-menu.pdf,,https://www.nyctourism.com/restaurant-week/kru/,https://www.krubrooklyn.com,partial
kubeh,Kubeh,Manhattan,Greenwich Village,"464 Sixth Ave., Manhattan, NY, 10011","[""Middle Eastern""]","[""$45""]","[""brunch"", ""dinner""]","[""Week 4 (Aug 10 - Aug 16)"", ""Week 5 (Aug 17 - Aug 23)"", ""Week 6 (Aug 24 - Aug 31)"", ""Week 7 (Sept 1 - Sept 6)""]",1,https://nyc-tourism-public.s3.amazonaws.com/srw26/menus/46004-Kubeh-menu.pdf,,https://www.nyctourism.com/restaurant-week/kubeh/,https://www.eatkubeh.com,full
kyma,Kyma,Manhattan,Flatiron District,"15 W. 18th St., Manhattan, NY, 10011","[""Greek"", ""Seafood""]","[""$30"", ""$60""]","[""dinner"", ""lunch""]","[""Week 4 (Aug 10 - Aug 16)"", ""Week 5 (Aug 17 - Aug 23)"", ""Week 6 (Aug 24 - Aug 31)"", ""Week 7 (Sept 1 - Sept 6)""]",0,https://nyc-tourism-public.s3.amazonaws.com/srw26/menus/40563-Kyma-menu.pdf,https://www.opentable.com/restref/client/?rid=1011196,https://www.nyctourism.com/restaurant-week/kyma/,https://kymarestaurants.com,full
kyma-hudson-yards,Kyma Hudson Yards,Manhattan,Hudson Yards,"445 W. 35th St., Manhattan, NY, 10001","[""Greek"", ""Seafood""]","[""$30"", ""$60""]","[""dinner"", ""lunch""]","[""Week 4 (Aug 10 - Aug 16)"", ""Week 5 (Aug 17 - Aug 23)""]",0,https://nyc-tourism-public.s3.amazonaws.com/srw26/menus/46176-KymaHudsonYards-menu.pdf,https://www.opentable.com/restref/client/?rid=1123090,https://www.nyctourism.com/restaurant-week/kyma-hudson-yards/,https://kymarestaurants.com/locations-hudson-yards,full
lexpress,L'Express,Manhattan,Gramercy,"249 Park Ave. South, Manhattan, NY, 10003","[""French""]","[""$30"", ""$45""]","[""dinner"", ""lunch""]","[""Week 4 (Aug 10 - Aug 16)""]",1,https://nyc-tourism-public.s3.amazonaws.com/srw26/menus/23934-L%27Express-menu.pdf,https://www.opentable.com/restref/client/?rid=115630,https://www.nyctourism.com/restaurant-week/lexpress/,https://www.lexpressnyc.com,full
la-baraka,La Baraka,Queens,Little Neck,"255-09 Northern Blvd., Queens, NY, 11362","[""French""]","[""$30""]","[""dinner"", ""lunch""]","[""Week 4 (Aug 10 - Aug 16)"", ""Week 5 (Aug 17 - Aug 23)"", ""Week 6 (Aug 24 - Aug 31)"", ""Week 7 (Sept 1 - Sept 6)""]",0,https://nyc-tourism-public.s3.amazonaws.com/srw26/menus/46557-LaBaraka-menu.pdf,https://www.opentable.com/restref/client/?rid=235921,https://www.nyctourism.com/restaurant-week/la-baraka/,https://www.labarakarest.com,full
la-boca,La Boca,Manhattan,Chelsea,"Faena New York, 500 W. 18th St., Manhattan, NY, 10011","[""Argentinian""]","[""$60""]","[""lunch""]","[""Week 4 (Aug 10 - Aug 16)""]",0,https://nyc-tourism-public.s3.amazonaws.com/srw26/menus/51304-LaBoca-menu.pdf,https://www.opentable.com/restref/client/?rid=1405687,https://www.nyctourism.com/restaurant-week/la-boca/,https://www.faena.com/new-york/dining/la-boca-at-faena-by-francis-mallmann,full
la-contenta-oeste,La Contenta Oeste,Manhattan,West Village,"78 W. 11th St., Manhattan, NY, 10011","[""Mexican""]","[""$45""]","[""dinner""]","[""Week 4 (Aug 10 - Aug 16)""]",0,https://nyc-tourism-public.s3.amazonaws.com/srw26/menus/44485-LaContentaOeste-menu.pdf,https://www.opentable.com/restref/client/?rid=1014631,https://www.nyctourism.com/restaurant-week/la-contenta-oeste/,https://lacontentanyc.com,partial
la-fleur-rouge,La Fleur Rouge,Brooklyn,Park Slope,"392 5th Ave., Brooklyn, NY, 11215","[""Chinese""]","[""$60""]","[""dinner""]","[""Week 4 (Aug 10 - Aug 16)"", ""Week 5 (Aug 17 - Aug 23)"", ""Week 6 (Aug 24 - Aug 31)"", ""Week 7 (Sept 1 - Sept 6)""]",1,https://nyc-tourism-public.s3.amazonaws.com/srw26/menus/49333-LaFleurRouge-menu.pdf,,https://www.nyctourism.com/restaurant-week/la-fleur-rouge/,https://lafleurrouge.nyc,full
la-gioconda,La Gioconda,Manhattan,Midtown East,"226 E. 53rd St., Manhattan, NY, 10022","[""Italian""]","[""$30"", ""$45""]","[""dinner"", ""lunch""]","[""Week 4 (Aug 10 - Aug 16)"", ""Week 5 (Aug 17 - Aug 23)"", ""Week 6 (Aug 24 - Aug 31)"", ""Week 7 (Sept 1 - Sept 6)""]",1,https://nyc-tourism-public.s3.amazonaws.com/srw26/menus/45508-LaGioconda-menu.pdf,,https://www.nyctourism.com/restaurant-week/la-gioconda/,https://www.lagiocondanyc.com,full
la-grande-boucherie,La Grande Boucherie,Manhattan,Midtown West,"145 W. 53rd St., Manhattan, NY, 10019","[""French""]","[""$45"", ""$60""]","[""dinner"", ""lunch""]","[""Week 4 (Aug 10 - Aug 16)""]",0,https://nyc-tourism-public.s3.amazonaws.com/srw26/menus/46075-LaGrandeBoucherie-menu.pdf,https://www.opentable.com/restref/client/?rid=1142380,https://www.nyctourism.com/restaurant-week/la-grande-boucherie/,https://www.boucherieus.com/location/boucherie-la-grande-boucherie,partial
la-marchande,La Marchande,Manhattan,Lower Manhattan,"The Wall Street Hotel, 88 Wall St., Manhattan, NY, 10005","[""French""]","[""$45"", ""$60""]","[""dinner"", ""lunch""]","[""Week 4 (Aug 10 - Aug 16)"", ""Week 5 (Aug 17 - Aug 23)"", ""Week 6 (Aug 24 - Aug 31)"", ""Week 7 (Sept 1 - Sept 6)""]",0,https://nyc-tourism-public.s3.amazonaws.com/srw26/menus/47797-LaMarchande-menu.pdf,https://www.opentable.com/restref/client/?rid=1242889,https://www.nyctourism.com/restaurant-week/la-marchande/,https://www.lamarchandenyc.com,partial
la-masseria,La Masseria,Manhattan,Times Square/Theatre District,"235 W. 48th St., Manhattan, NY, 10036","[""Italian""]","[""$45"", ""$60""]","[""brunch"", ""dinner"", ""lunch""]","[""Week 4 (Aug 10 - Aug 16)"", ""Week 5 (Aug 17 - Aug 23)"", ""Week 6 (Aug 24 - Aug 31)"", ""Week 7 (Sept 1 - Sept 6)""]",1,https://nyc-tourism-public.s3.amazonaws.com/srw26/menus/25577-LaMasseria-menu.pdf,https://www.opentable.com/restref/client/?rid=21001,https://www.nyctourism.com/restaurant-week/la-masseria/,https://lamasserianyc.com,full
la-pecora-bianca-bryant-park,La Pecora Bianca Bryant Park,Manhattan,Midtown West,"20 W. 40th St., Manhattan, NY, 10018","[""Italian""]","[""$30"", ""$45""]","[""dinner"", ""lunch""]","[""Week 4 (Aug 10 - Aug 16)""]",1,,,https://www.nyctourism.com/restaurant-week/la-pecora-bianca-bryant-park/,https://www.lapecorabianca.com/location/bryant-park,
la-pecora-bianca-midtown,La Pecora Bianca Midtown,Manhattan,Midtown East,"950 Second Ave., Manhattan, NY, 10022","[""Italian""]","[""$30"", ""$45""]","[""dinner"", ""lunch""]","[""Week 4 (Aug 10 - Aug 16)""]",1,,https://www.opentable.com/restref/client/?rid=986275,https://www.nyctourism.com/restaurant-week/la-pecora-bianca-midtown/,https://www.lapecorabianca.com/location/midtown,
la-pecora-bianca-nomad,La Pecora Bianca NoMad,Manhattan,Nomad,"1133 Broadway, Manhattan, NY, 10010","[""Italian""]","[""$30"", ""$45""]","[""dinner"", ""lunch""]","[""Week 4 (Aug 10 - Aug 16)""]",1,,,https://www.nyctourism.com/restaurant-week/la-pecora-bianca-nomad/,https://www.lapecorabianca.com/location/nomad,
la-pecora-bianca-soho,La Pecora Bianca SoHo,Manhattan,Soho,"54 Prince St., Manhattan, NY, 10012","[""Italian""]","[""$30"", ""$45""]","[""dinner"", ""lunch""]","[""Week 4 (Aug 10 - Aug 16)""]",1,,,https://www.nyctourism.com/restaurant-week/la-pecora-bianca-soho/,https://www.lapecorabianca.com/location/soho,
la-pecora-bianca-upper-east-side,La Pecora Bianca Upper East Side,Manhattan,Upper East Side,"1562 Second Ave., Manhattan, NY, 10028","[""Italian""]","[""$30"", ""$45""]","[""dinner"", ""lunch""]","[""Week 4 (Aug 10 - Aug 16)""]",1,,,https://www.nyctourism.com/restaurant-week/la-pecora-bianca-upper-east-side/,https://www.lapecorabianca.com/location/la-pecora-bianca-upper-east-side,
la-pecora-bianca-upper-west-side,La Pecora Bianca Upper West Side,Manhattan,Upper West Side,"359 Columbus Ave., Manhattan, NY, 10024","[""Italian""]","[""$30"", ""$45""]","[""dinner"", ""lunch""]","[""Week 4 (Aug 10 - Aug 16)""]",1,,,https://www.nyctourism.com/restaurant-week/la-pecora-bianca-upper-west-side/,https://www.lapecorabianca.com/location/la-pecora-bianca-upper-west-side,
la-sirene,La Sirene,Manhattan,Hudson Square,"558 Broome St., Manhattan, NY, 10013","[""French""]","[""$60""]","[""dinner""]","[""Week 4 (Aug 10 - Aug 16)"", ""Week 5 (Aug 17 - Aug 23)"", ""Week 6 (Aug 24 - Aug 31)""]",1,https://nyc-tourism-public.s3.amazonaws.com/srw26/menus/38865-LaSirene-menu.pdf,,https://www.nyctourism.com/restaurant-week/la-sirene/,https://lasirenenyc.com,partial
la-sirene-uws,La Sirene UWS,Manhattan,Upper West Side,"416 Amsterdam Ave., Manhattan, NY, 10024","[""French""]","[""$60""]","[""dinner""]","[""Week 4 (Aug 10 - Aug 16)"", ""Week 5 (Aug 17 - Aug 23)"", ""Week 6 (Aug 24 - Aug 31)""]",1,,,https://www.nyctourism.com/restaurant-week/la-sirene-uws/,https://lasirenenyc.com,
la-tete-dor,La Tête d’Or,Manhattan,Flatiron District,"318 Park Ave. South, Manhattan, NY, 10010","[""Steakhouse""]","[""$60""]","[""lunch""]","[""Week 4 (Aug 10 - Aug 16)"", ""Week 5 (Aug 17 - Aug 23)"", ""Week 6 (Aug 24 - Aug 31)"", ""Week 7 (Sept 1 - Sept 6)""]",0,https://nyc-tourism-public.s3.amazonaws.com/srw26/menus/49695-LaT%C3%AAted%E2%80%99Or-menu.pdf,,https://www.nyctourism.com/restaurant-week/la-tete-dor/,https://www.latetedorbydaniel.com,full
la-voglia,La Voglia,Manhattan,Upper East Side,"1645 Third Ave., Manhattan, NY, 10128","[""Italian""]","[""$30"", ""$45"", ""$60""]","[""brunch"", ""dinner"", ""lunch""]","[""Week 4 (Aug 10 - Aug 16)"", ""Week 5 (Aug 17 - Aug 23)"", ""Week 6 (Aug 24 - Aug 31)"", ""Week 7 (Sept 1 - Sept 6)""]",1,https://nyc-tourism-public.s3.amazonaws.com/srw26/menus/48518-LaVoglia-menu.pdf,,https://www.nyctourism.com/restaurant-week/la-voglia/,https://lavoglianyc.com,full
lafayette,Lafayette,Manhattan,Noho,"380 Lafayette St., Manhattan, NY, 10003","[""French""]","[""$45"", ""$60""]","[""dinner"", ""lunch""]","[""Week 4 (Aug 10 - Aug 16)""]",1,https://nyc-tourism-public.s3.amazonaws.com/srw26/menus/37827-Lafayette-menu.pdf,https://www.opentable.com/restref/client/?rid=105322,https://www.nyctourism.com/restaurant-week/lafayette/,https://www.lafayetteny.com,partial
lalyn,Lalyn,Manhattan,Garment District,"237 W. 35th St., Manhattan, NY, 10001","[""Thai""]","[""$45"", ""$60""]","[""brunch"", ""dinner"", ""lunch""]","[""Week 4 (Aug 10 - Aug 16)"", ""Week 5 (Aug 17 - Aug 23)"", ""Week 6 (Aug 24 - Aug 31)"", ""Week 7 (Sept 1 - Sept 6)""]",1,https://nyc-tourism-public.s3.amazonaws.com/srw26/menus/51141-Lalyn-menu.pdf,,https://www.nyctourism.com/restaurant-week/lalyn/,https://www.lalynnyc.com,partial
langans,Langan's,Manhattan,Times Square/Theatre District,"114 W. 47th St., Manhattan, NY, 10036","[""American (New)""]","[""$45"", ""$60""]","[""brunch"", ""dinner"", ""lunch""]","[""Week 4 (Aug 10 - Aug 16)"", ""Week 5 (Aug 17 - Aug 23)"", ""Week 6 (Aug 24 - Aug 31)"", ""Week 7 (Sept 1 - Sept 6)""]",1,https://nyc-tourism-public.s3.amazonaws.com/srw26/menus/11284-Langan%27s-menu.pdf,https://www.opentable.com/restref/client/?rid=1394434,https://www.nyctourism.com/restaurant-week/langans/,https://www.langansnyc.com,full
lattanzi-cucina-italiana,Lattanzi Cucina Italiana,Manhattan,Times Square/Theatre District,"361 W. 46th St., Manhattan, NY, 10036","[""Italian""]","[""$45"", ""$60""]","[""brunch"", ""dinner"", ""lunch""]","[""Week 4 (Aug 10 - Aug 16)"", ""Week 5 (Aug 17 - Aug 23)"", ""Week 6 (Aug 24 - Aug 31)"", ""Week 7 (Sept 1 - Sept 6)""]",1,https://nyc-tourism-public.s3.amazonaws.com/srw26/menus/11292-LattanziCucinaItaliana-menu.pdf,https://www.opentable.com/restref/client/?rid=5920,https://www.nyctourism.com/restaurant-week/lattanzi-cucina-italiana/,https://lattanzinyc.com,partial
laut,Laut,Manhattan,Union Square,"15 E. 17th St., Manhattan, NY, 10003","[""Asian Fusion"", ""Thai"", ""Malaysian""]","[""$60""]","[""dinner""]","[""Week 4 (Aug 10 - Aug 16)"", ""Week 5 (Aug 17 - Aug 23)"", ""Week 6 (Aug 24 - Aug 31)"", ""Week 7 (Sept 1 - Sept 6)""]",0,https://nyc-tourism-public.s3.amazonaws.com/srw26/menus/44195-Laut-menu.pdf,,https://www.nyctourism.com/restaurant-week/laut/,https://lautnyc.com,failed
le-b,Le B.,Manhattan,West Village,"283 W. 12th St., Manhattan, NY, 10014","[""French"", ""American (New)"", ""Continental""]","[""$60""]","[""dinner""]","[""Week 4 (Aug 10 - Aug 16)"", ""Week 5 (Aug 17 - Aug 23)"", ""Week 6 (Aug 24 - Aug 31)"", ""Week 7 (Sept 1 - Sept 6)""]",0,,https://www.opentable.com/restref/client/?rid=1319164,https://www.nyctourism.com/restaurant-week/le-b/,https://lebnyc.com,
le-district-bar-and-bistro,Le District Bar & Bistro,Manhattan,Battery Park City,"225 Brookfield Place, Manhattan, NY, 10281","[""French""]","[""$30"", ""$45""]","[""brunch"", ""dinner"", ""lunch""]","[""Week 4 (Aug 10 - Aug 16)"", ""Week 5 (Aug 17 - Aug 23)"", ""Week 6 (Aug 24 - Aug 31)"", ""Week 7 (Sept 1 - Sept 6)""]",1,https://nyc-tourism-public.s3.amazonaws.com/srw26/menus/39108-LeDistrictBar%26Bistro-menu.pdf,,https://www.nyctourism.com/restaurant-week/le-district-bar-and-bistro/,https://www.ledistrict.com/bar-bistro,failed
le-gratin,Le Gratin,Manhattan,Lower Manhattan,"The Beekman, 5 Beekman St., Manhattan, NY, 10038","[""French""]","[""$45"", ""$60""]","[""dinner"", ""lunch""]","[""Week 4 (Aug 10 - Aug 16)"", ""Week 5 (Aug 17 - Aug 23)"", ""Week 6 (Aug 24 - Aug 31)"", ""Week 7 (Sept 1 - Sept 6)""]",0,https://nyc-tourism-public.s3.amazonaws.com/srw26/menus/46408-LeGratin-menu.pdf,,https://www.nyctourism.com/restaurant-week/le-gratin/,https://legratinnyc.com,full
le-jardinier,Le Jardinier,Manhattan,Midtown East,"610 Lexington Ave., Manhattan, NY, 10022","[""French""]","[""$60""]","[""dinner"", ""lunch""]","[""Week 4 (Aug 10 - Aug 16)"", ""Week 5 (Aug 17 - Aug 23)"", ""Week 6 (Aug 24 - Aug 31)"", ""Week 7 (Sept 1 - Sept 6)""]",0,https://nyc-tourism-public.s3.amazonaws.com/srw26/menus/46529-LeJardinier-menu.pdf,https://www.opentable.com/restref/client/?rid=1041964,https://www.nyctourism.com/restaurant-week/le-jardinier/,https://lejardinier-nyc.com,partial
le-monde,Le Monde,Manhattan,Morningside Heights,"2885 Broadway, Manhattan, NY, 10025","[""French""]","[""$30"", ""$45""]","[""dinner"", ""lunch""]","[""Week 4 (Aug 10 - Aug 16)""]",0,https://nyc-tourism-public.s3.amazonaws.com/srw26/menus/23933-LeMonde-menu.pdf,https://www.opentable.com/restref/client/?rid=349132,https://www.nyctourism.com/restaurant-week/le-monde/,https://www.lemondenyc.com,full
le-pavillon,Le Pavillon,Manhattan,Midtown East,"1 Vanderbilt Ave., Manhattan, NY, 10017","[""French""]","[""$60""]","[""lunch""]","[""Week 4 (Aug 10 - Aug 16)"", ""Week 5 (Aug 17 - Aug 23)"", ""Week 6 (Aug 24 - Aug 31)"", ""Week 7 (Sept 1 - Sept 6)""]",0,https://nyc-tourism-public.s3.amazonaws.com/srw26/menus/45628-LePavillon-menu.pdf,,https://www.nyctourism.com/restaurant-week/le-pavillon/,https://lepavillonnyc.com,partial
le-rivage-restaurant,Le Rivage,Manhattan,Times Square/Theatre District,"340 W. 46th St., Manhattan, NY, 10036","[""French""]","[""$45"", ""$60""]","[""brunch"", ""dinner"", ""lunch""]","[""Week 4 (Aug 10 - Aug 16)"", ""Week 5 (Aug 17 - Aug 23)"", ""Week 6 (Aug 24 - Aug 31)"", ""Week 7 (Sept 1 - Sept 6)""]",1,,https://www.opentable.com/restref/client/?rid=18745,https://www.nyctourism.com/restaurant-week/le-rivage-restaurant/,https://www.lerivagenyc.com,
le-rock,Le Rock,Manhattan,Midtown West,"45 Rockefeller Plaza, Manhattan, NY, 10011","[""French""]","[""$45"", ""$60""]","[""dinner"", ""lunch""]","[""Week 4 (Aug 10 - Aug 16)"", ""Week 5 (Aug 17 - Aug 23)"", ""Week 6 (Aug 24 - Aug 31)"", ""Week 7 (Sept 1 - Sept 6)""]",0,https://nyc-tourism-public.s3.amazonaws.com/srw26/menus/48212-LeRock-menu.pdf,https://www.opentable.com/restref/client/?rid=1208293,https://www.nyctourism.com/restaurant-week/le-rock/,https://www.lerocknyc.com,full
le-tout-va-bien,Le Tout Va Bien,Manhattan,Hells Kitchen,"311 W. 51st St., Manhattan, NY, 10019","[""French""]","[""$60""]","[""dinner""]","[""Week 4 (Aug 10 - Aug 16)"", ""Week 5 (Aug 17 - Aug 23)"", ""Week 6 (Aug 24 - Aug 31)"", ""Week 7 (Sept 1 - Sept 6)""]",1,https://nyc-tourism-public.s3.amazonaws.com/srw26/menus/49028-LeToutVaBien-menu.pdf,https://www.opentable.com/restref/client/?rid=1368112,https://www.nyctourism.com/restaurant-week/le-tout-va-bien/,https://letoutvabien.nyc,failed
legasea,Legasea,Manhattan,Garment District,"Moxy Times Square, 485 Seventh Ave., Manhattan, NY, 10018","[""American (New)"", ""Seafood""]","[""$30"", ""$45""]","[""dinner"", ""lunch""]","[""Week 4 (Aug 10 - Aug 16)"", ""Week 5 (Aug 17 - Aug 23)"", ""Week 6 (Aug 24 - Aug 31)"", ""Week 7 (Sept 1 - Sept 6)""]",0,https://nyc-tourism-public.s3.amazonaws.com/srw26/menus/40234-Legasea-menu.pdf,https://www.opentable.com/restref/client/?rid=745729,https://www.nyctourism.com/restaurant-week/legasea/,https://taogroup.com/venues/legasea-bar-grill-new-york,full
leles-roman,Lele's Roman,Brooklyn,Boerum Hill,"Ace Hotel Brooklyn, 252 Schermerhorn St., Brooklyn, NY, 11217","[""Italian""]","[""$30"", ""$45""]","[""brunch"", ""dinner"", ""lunch""]","[""Week 4 (Aug 10 - Aug 16)"", ""Week 5 (Aug 17 - Aug 23)"", ""Week 6 (Aug 24 - Aug 31)"", ""Week 7 (Sept 1 - Sept 6)""]",1,,,https://www.nyctourism.com/restaurant-week/leles-roman/,https://www.lelesroman.com,
leonetta,Leonetta,Manhattan,Murray Hill,"181 Lexington Ave., Manhattan, NY, 10016","[""Mediterranean""]","[""$45""]","[""dinner""]","[""Week 4 (Aug 10 - Aug 16)""]",0,https://nyc-tourism-public.s3.amazonaws.com/srw26/menus/49661-Leonetta-menu.pdf,,https://www.nyctourism.com/restaurant-week/leonetta/,https://www.leonettanyc.com,full
leons,Leon’s,Manhattan,Greenwich Village,"817 Broadway, Manhattan, NY, 10003","[""Italian""]","[""$45""]","[""brunch"", ""lunch""]","[""Week 4 (Aug 10 - Aug 16)""]",1,https://nyc-tourism-public.s3.amazonaws.com/srw26/menus/50361-Leon%E2%80%99s-menu.pdf,,https://www.nyctourism.com/restaurant-week/leons/,https://www.leonsnyc.com,full
leuca,Leuca,Brooklyn,Williamsburg,"111 N. 12th St., Brooklyn, NY, 11249","[""Italian""]","[""$30"", ""$60""]","[""dinner"", ""lunch""]","[""Week 4 (Aug 10 - Aug 16)""]",1,https://nyc-tourism-public.s3.amazonaws.com/srw26/menus/40160-Leuca-menu.pdf,https://www.opentable.com/restref/client/?rid=268384,https://www.nyctourism.com/restaurant-week/leuca/,https://www.leuca.com,full
levant-on-smith,Levant on Smith,Brooklyn,Carroll Gardens,"223 Smith St., Brooklyn, NY, 11201","[""French""]","[""$60""]","[""dinner""]","[""Week 4 (Aug 10 - Aug 16)"", ""Week 5 (Aug 17 - Aug 23)"", ""Week 6 (Aug 24 - Aug 31)"", ""Week 7 (Sept 1 - Sept 6)""]",1,https://nyc-tourism-public.s3.amazonaws.com/srw26/menus/49369-LevantonSmith-menu.pdf,https://www.opentable.com/restref/client/?rid=1224880,https://www.nyctourism.com/restaurant-week/levant-on-smith/,https://www.levantonsmith.com,full
lido,Lido,Manhattan,Harlem,"2168 Frederick Douglass Blvd., Manhattan, NY, 10026","[""Italian""]","[""$30"", ""$45""]","[""dinner"", ""lunch""]","[""Week 4 (Aug 10 - Aug 16)"", ""Week 5 (Aug 17 - Aug 23)"", ""Week 6 (Aug 24 - Aug 31)"", ""Week 7 (Sept 1 - Sept 6)""]",1,https://nyc-tourism-public.s3.amazonaws.com/srw26/menus/36475-Lido-menu.pdf,https://www.opentable.com/restref/client/?rid=63250,https://www.nyctourism.com/restaurant-week/lido/,https://lidoharlem.com,partial
liman-restaurant,Liman,Brooklyn,Coney Island,"825 Surf Ave., 2nd fl., Brooklyn, NY, 11224","[""Mediterranean"", ""Seafood"", ""Turkish""]","[""$45""]","[""lunch""]","[""Week 4 (Aug 10 - Aug 16)"", ""Week 5 (Aug 17 - Aug 23)"", ""Week 6 (Aug 24 - Aug 31)""]",0,,,https://www.nyctourism.com/restaurant-week/liman-restaurant/,https://www.limanrestaurant.com,
limusina,Limusina,Manhattan,Hells Kitchen,"441 Ninth Ave., Manhattan, NY, 10001","[""Mexican""]","[""$60""]","[""lunch""]","[""Week 4 (Aug 10 - Aug 16)""]",0,https://nyc-tourism-public.s3.amazonaws.com/srw26/menus/50460-Limusina-menu.pdf,https://www.opentable.com/restref/client/?rid=1448041,https://www.nyctourism.com/restaurant-week/limusina/,https://www.limusinanyc.com,full
lincoln-ristorante,Lincoln Ristorante,Manhattan,Upper West Side,"142 W. 65th St., Manhattan, NY, 10023","[""Italian""]","[""$60""]","[""dinner""]","[""Week 4 (Aug 10 - Aug 16)""]",1,https://nyc-tourism-public.s3.amazonaws.com/srw26/menus/36125-LincolnRistorante-menu.pdf,https://www.opentable.com/restref/client/?rid=50815,https://www.nyctourism.com/restaurant-week/lincoln-ristorante/,https://www.lincolnristorante.com,partial
little-alley,Little Alley,Manhattan,Murray Hill,"550 Third Ave., Manhattan, NY, 10016","[""Chinese""]","[""$45""]","[""brunch"", ""dinner"", ""lunch""]","[""Week 4 (Aug 10 - Aug 16)"", ""Week 5 (Aug 17 - Aug 23)"", ""Week 6 (Aug 24 - Aug 31)"", ""Week 7 (Sept 1 - Sept 6)""]",1,https://nyc-tourism-public.s3.amazonaws.com/srw26/menus/45565-LittleAlley-menu.pdf,https://www.opentable.com/restref/client/?rid=488713,https://www.nyctourism.com/restaurant-week/little-alley/,https://www.littlealley.nyc,partial
little-chef-little-cafe,Little Chef Little Cafe,Queens,Long Island City,"5-43 48th Ave., Queens, NY, 11101","[""Filipino"", ""American (New)"", ""Eclectic"", ""Delicatessen""]","[""$30"", ""$60""]","[""brunch"", ""dinner"", ""lunch""]","[""Week 4 (Aug 10 - Aug 16)"", ""Week 5 (Aug 17 - Aug 23)"", ""Week 6 (Aug 24 - Aug 31)"", ""Week 7 (Sept 1 - Sept 6)""]",1,https://nyc-tourism-public.s3.amazonaws.com/srw26/menus/44424-LittleChefLittleCafe-menu.pdf,,https://www.nyctourism.com/restaurant-week/little-chef-little-cafe/,https://www.littlecheflittlecafe.com,full
little-maven,Little Maven,Manhattan,Flatiron District,"30 W. 18th St., Manhattan, NY, 10011","[""American (New)""]","[""$30"", ""$60""]","[""dinner"", ""lunch""]","[""Week 4 (Aug 10 - Aug 16)"", ""Week 5 (Aug 17 - Aug 23)"", ""Week 6 (Aug 24 - Aug 31)""]",0,https://nyc-tourism-public.s3.amazonaws.com/srw26/menus/49050-LittleMaven-menu.pdf,,https://www.nyctourism.com/restaurant-week/little-maven/,https://www.littlemavenrestaurant.com,partial
little-thai-kitchen,Little Thai Kitchen,Manhattan,Midtown East,"243 E. 53rd St., Manhattan, NY, 10022","[""Thai""]","[""$45"", ""$60""]","[""brunch"", ""dinner""]","[""Week 4 (Aug 10 - Aug 16)"", ""Week 5 (Aug 17 - Aug 23)"", ""Week 6 (Aug 24 - Aug 31)""]",1,https://nyc-tourism-public.s3.amazonaws.com/srw26/menus/49916-LittleThaiKitchen-menu.pdf,,https://www.nyctourism.com/restaurant-week/little-thai-kitchen/,https://www.littlethaikitchenmidtown.com,failed
lore,Lore,Brooklyn,South Slope,"441 7th Ave., Brooklyn, NY, 11215","[""Eclectic""]","[""$30"", ""$45""]","[""brunch"", ""dinner""]","[""Week 4 (Aug 10 - Aug 16)"", ""Week 5 (Aug 17 - Aug 23)"", ""Week 6 (Aug 24 - Aug 31)"", ""Week 7 (Sept 1 - Sept 6)""]",1,https://nyc-tourism-public.s3.amazonaws.com/srw26/menus/46635-Lore-menu.pdf,,https://www.nyctourism.com/restaurant-week/lore/,https://www.lorebrooklyn.com,full
lorenzos-restaurant-bar-cabaret,"Lorenzo's Restaurant, Bar & Cabaret",Staten Island,Bloomfield,"Hilton Garden Inn New York/Staten Island, 1100 South Ave., Staten Island, NY, 10314","[""Italian"", ""American (New)""]","[""$45""]","[""dinner""]","[""Week 4 (Aug 10 - Aug 16)""]",1,,https://www.opentable.com/restref/client/?rid=79729,https://www.nyctourism.com/restaurant-week/lorenzos-restaurant-bar-cabaret/,https://lorenzosdining.com,
luigis,Luigi's,Queens,New Hyde Park,"265-21 Union Tpke., Queens, NY, 11040","[""Italian""]","[""$30"", ""$45""]","[""dinner"", ""lunch""]","[""Week 4 (Aug 10 - Aug 16)"", ""Week 5 (Aug 17 - Aug 23)"", ""Week 6 (Aug 24 - Aug 31)"", ""Week 7 (Sept 1 - Sept 6)""]",1,,https://www.opentable.com/restref/client/?rid=106588,https://www.nyctourism.com/restaurant-week/luigis/,https://www.luigisnewhydepark.com,
lure-fishbar,Lure Fishbar,Manhattan,Soho,"142 Mercer St., Manhattan, NY, 10012","[""Seafood""]","[""$45"", ""$60""]","[""dinner"", ""lunch""]","[""Week 4 (Aug 10 - Aug 16)"", ""Week 5 (Aug 17 - Aug 23)"", ""Week 6 (Aug 24 - Aug 31)"", ""Week 7 (Sept 1 - Sept 6)""]",1,https://nyc-tourism-public.s3.amazonaws.com/srw26/menus/29985-LureFishbar-menu.pdf,https://www.opentable.com/restref/client/?rid=3358,https://www.nyctourism.com/restaurant-week/lure-fishbar/,https://www.lurefishbar.com/location/lure-fishbar-new-york,partial
mables-smokehouse-williamsburg,Mable's Smokehouse and Banquet Hall,Brooklyn,Williamsburg,"44 Berry St., Brooklyn, NY, 11249","[""Barbecue""]","[""$45"", ""$60""]","[""brunch"", ""dinner"", ""lunch""]","[""Week 4 (Aug 10 - Aug 16)"", ""Week 5 (Aug 17 - Aug 23)"", ""Week 6 (Aug 24 - Aug 31)""]",1,,,https://www.nyctourism.com/restaurant-week/mables-smokehouse-williamsburg/,https://mablessmokehouse.com,
mae-mae-cafe-and-plant-shop,Mae Mae Cafe & Plant Shop,The Bronx,Mott Haven,"2417 Third Ave., Bronx, NY, 10451","[""Eclectic"", ""Vegan"", ""Vegetarian"", ""Bars/Cocktails""]","[""$30""]","[""lunch""]","[""Week 4 (Aug 10 - Aug 16)"", ""Week 5 (Aug 17 - Aug 23)"", ""Week 6 (Aug 24 - Aug 31)"", ""Week 7 (Sept 1 - Sept 6)""]",0,,,https://www.nyctourism.com/restaurant-week/mae-mae-cafe-and-plant-shop/,https://www.maemaecafe.com,
maggies-place,Maggie's Place,Manhattan,Midtown East,"21 E. 47th St., Manhattan, NY, 10017","[""American (New)"", ""Irish""]","[""$30"", ""$45""]","[""brunch"", ""dinner"", ""lunch""]","[""Week 4 (Aug 10 - Aug 16)"", ""Week 5 (Aug 17 - Aug 23)"", ""Week 6 (Aug 24 - Aug 31)"", ""Week 7 (Sept 1 - Sept 6)""]",1,https://nyc-tourism-public.s3.amazonaws.com/srw26/menus/46077-MaggiesPlace-menu.pdf,,https://www.nyctourism.com/restaurant-week/maggies-place/,https://www.maggiesnyc.com,full
maiella,Maiella,Queens,Long Island City,"4610 Center Blvd., Queens, NY, 11109","[""Italian""]","[""$45""]","[""brunch"", ""dinner""]","[""Week 4 (Aug 10 - Aug 16)"", ""Week 5 (Aug 17 - Aug 23)"", ""Week 6 (Aug 24 - Aug 31)"", ""Week 7 (Sept 1 - Sept 6)""]",1,https://nyc-tourism-public.s3.amazonaws.com/srw26/menus/39720-Maiella-menu.pdf,https://www.opentable.com/restref/client/?rid=162811,https://www.nyctourism.com/restaurant-week/maiella/,https://www.maiellalic.com,partial
maison-madison,Maison Madison,Manhattan,Battery Park City,"301 South End Ave., Manhattan, NY, 10280","[""French"", ""Bars/Cocktails""]","[""$60""]","[""dinner""]","[""Week 4 (Aug 10 - Aug 16)"", ""Week 5 (Aug 17 - Aug 23)"", ""Week 6 (Aug 24 - Aug 31)"", ""Week 7 (Sept 1 - Sept 6)""]",1,https://nyc-tourism-public.s3.amazonaws.com/srw26/menus/51079-MaisonMadison-menu.pdf,,https://www.nyctourism.com/restaurant-week/maison-madison/,https://www.maisonmadisonny.com,failed
maison-passerelle,Maison Passerelle,Manhattan,Lower Manhattan,"Printemps New York, 1 Wall St., Manhattan, NY, 10005","[""French""]","[""$45"", ""$60""]","[""brunch"", ""dinner"", ""lunch""]","[""Week 4 (Aug 10 - Aug 16)""]",1,https://nyc-tourism-public.s3.amazonaws.com/srw26/menus/49698-MaisonPasserelle-menu.pdf,,https://www.nyctourism.com/restaurant-week/maison-passerelle/,https://maisonpasserellenyc.com,full
maison-pickle,Maison Pickle,Manhattan,Upper West Side,"2315 Broadway, Manhattan, NY, 10024","[""American (Traditional)"", ""American (New)""]","[""$30"", ""$45""]","[""dinner"", ""lunch""]","[""Week 4 (Aug 10 - Aug 16)""]",1,https://nyc-tourism-public.s3.amazonaws.com/srw26/menus/41039-MaisonPickle-menu.pdf,,https://www.nyctourism.com/restaurant-week/maison-pickle/,https://www.maisonpickle.com,partial
maizal,Maizal,Staten Island,Rosebank,"990 Bay St., Staten Island, NY, 10305","[""Mexican""]","[""$30"", ""$45""]","[""brunch"", ""dinner"", ""lunch""]","[""Week 4 (Aug 10 - Aug 16)"", ""Week 5 (Aug 17 - Aug 23)"", ""Week 6 (Aug 24 - Aug 31)"", ""Week 7 (Sept 1 - Sept 6)""]",1,,,https://www.nyctourism.com/restaurant-week/maizal/,https://www.maizalrestaurant.com,
majorelle,Majorelle,Manhattan,Upper East Side,"The Lowell, 28 E. 63rd St., Manhattan, NY, 10065","[""French"", ""Mediterranean""]","[""$60""]","[""dinner""]","[""Week 4 (Aug 10 - Aug 16)"", ""Week 5 (Aug 17 - Aug 23)"", ""Week 6 (Aug 24 - Aug 31)""]",0,https://nyc-tourism-public.s3.amazonaws.com/srw26/menus/51084-Majorelle-menu.pdf,https://www.opentable.com/restref/client/?rid=192367,https://www.nyctourism.com/restaurant-week/majorelle/,https://www.lowellhotel.com/restaurants-and-bar/majorelle/57-1,partial
malii-gramercy,Malii Gramercy,Manhattan,Gramercy,"391 Second Ave., Manhattan, NY, 10010","[""Thai""]","[""$30"", ""$45""]","[""brunch"", ""dinner"", ""lunch""]","[""Week 4 (Aug 10 - Aug 16)"", ""Week 5 (Aug 17 - Aug 23)"", ""Week 6 (Aug 24 - Aug 31)"", ""Week 7 (Sept 1 - Sept 6)""]",1,https://nyc-tourism-public.s3.amazonaws.com/srw26/menus/46060-MaliiGramercy-menu.pdf,,https://www.nyctourism.com/restaurant-week/malii-gramercy/,https://www.maliigramercy.com,partial
mama-mezze,Mama Mezze,Manhattan,Nomad,"1123 Broadway, Manhattan, NY, 10010","[""Mediterranean""]","[""$30"", ""$45""]","[""dinner"", ""lunch""]","[""Week 4 (Aug 10 - Aug 16)""]",1,,,https://www.nyctourism.com/restaurant-week/mama-mezze/,https://www.mamamezze.com,
mamo-restaurant,Mamo,Manhattan,Soho,"323 West Broadway, Manhattan, NY, 10013","[""Italian""]","[""$45"", ""$60""]","[""brunch"", ""dinner"", ""lunch""]","[""Week 4 (Aug 10 - Aug 16)"", ""Week 5 (Aug 17 - Aug 23)"", ""Week 6 (Aug 24 - Aug 31)""]",1,https://nyc-tourism-public.s3.amazonaws.com/srw26/menus/39140-Mamo-menu.pdf,,https://www.nyctourism.com/restaurant-week/mamo-restaurant/,https://mamorestaurant.com,full
manhatta,Manhatta,Manhattan,Lower Manhattan,"28 Liberty St., 60th fl., Manhattan, NY, 10005","[""American (New)""]","[""$60""]","[""brunch"", ""lunch""]","[""Week 4 (Aug 10 - Aug 16)"", ""Week 5 (Aug 17 - Aug 23)"", ""Week 6 (Aug 24 - Aug 31)"", ""Week 7 (Sept 1 - Sept 6)""]",1,https://nyc-tourism-public.s3.amazonaws.com/srw26/menus/41404-Manhatta-menu.pdf,,https://www.nyctourism.com/restaurant-week/manhatta/,https://www.manhattarestaurant.com,partial
manuela,Manuela,Manhattan,Soho,"130 Prince St., Manhattan, NY, 10012","[""American (New)""]","[""$45""]","[""lunch""]","[""Week 4 (Aug 10 - Aug 16)"", ""Week 5 (Aug 17 - Aug 23)"", ""Week 6 (Aug 24 - Aug 31)"", ""Week 7 (Sept 1 - Sept 6)""]",0,https://nyc-tourism-public.s3.amazonaws.com/srw26/menus/49773-Manuela-menu.pdf,,https://www.nyctourism.com/restaurant-week/manuela/,https://manuela-nyc.com,partial
margaux-by-la-sirene,Margaux by La Sirène,Manhattan,Murray Hill,"238 Madison Ave., Manhattan, NY, 10016","[""French""]","[""$60""]","[""dinner""]","[""Week 4 (Aug 10 - Aug 16)"", ""Week 5 (Aug 17 - Aug 23)"", ""Week 6 (Aug 24 - Aug 31)""]",1,https://nyc-tourism-public.s3.amazonaws.com/srw26/menus/49750-MargauxbyLaSir%C3%A8ne-menu.pdf,,https://www.nyctourism.com/restaurant-week/margaux-by-la-sirene/,https://margaux.lasirene.nyc,partial
mari-ne-handroll,Mari.ne Handroll,Manhattan,Times Square/Theatre District,"135 W. 41st St., Manhattan, NY, 10036","[""Korean"", ""Japanese / Sushi""]","[""$60""]","[""dinner""]","[""Week 4 (Aug 10 - Aug 16)"", ""Week 5 (Aug 17 - Aug 23)"", ""Week 6 (Aug 24 - Aug 31)"", ""Week 7 (Sept 1 - Sept 6)""]",0,https://nyc-tourism-public.s3.amazonaws.com/srw26/menus/48981-Mari.neHandroll-menu.pdf,,https://www.nyctourism.com/restaurant-week/mari-ne-handroll/,https://www.marinenyc.com,failed
marks-off-madison,Mark's Off Madison,Manhattan,Nomad,"41 Madison Ave., Manhattan, NY, 10010","[""Italian"", ""Eastern European"", ""Delicatessen"", ""Continental""]","[""$30"", ""$45""]","[""brunch"", ""dinner"", ""lunch""]","[""Week 4 (Aug 10 - Aug 16)"", ""Week 5 (Aug 17 - Aug 23)"", ""Week 6 (Aug 24 - Aug 31)"", ""Week 7 (Sept 1 - Sept 6)""]",1,https://nyc-tourism-public.s3.amazonaws.com/srw26/menus/44483-Mark%27sOffMadison-menu.pdf,,https://www.nyctourism.com/restaurant-week/marks-off-madison/,https://www.marksoffmadison.com,failed
markette,Markette,Manhattan,Chelsea,"326 Seventh Ave., Manhattan, NY, 10001","[""Modern European"", ""Caribbean""]","[""$60""]","[""dinner""]","[""Week 4 (Aug 10 - Aug 16)""]",1,https://nyc-tourism-public.s3.amazonaws.com/srw26/menus/50477-Markette-menu.pdf,https://www.opentable.com/restref/client/?rid=1380997,https://www.nyctourism.com/restaurant-week/markette/,https://www.marketterestaurant.com,partial
marlow-bistro,Marlow Bistro,Manhattan,Upper West Side,"1018 Amsterdam Ave., Manhattan, NY, 10025","[""Mediterranean""]","[""$30"", ""$45""]","[""brunch"", ""dinner""]","[""Week 4 (Aug 10 - Aug 16)"", ""Week 5 (Aug 17 - Aug 23)"", ""Week 6 (Aug 24 - Aug 31)"", ""Week 7 (Sept 1 - Sept 6)""]",1,https://nyc-tourism-public.s3.amazonaws.com/srw26/menus/41671-MarlowBistro-menu.pdf,,https://www.nyctourism.com/restaurant-week/marlow-bistro/,https://www.marlowbistro.com,full
marlow-east,Marlow East,Manhattan,Upper East Side,"1022 Lexington Ave., Manhattan, NY, 10021","[""American (New)""]","[""$60""]","[""lunch""]","[""Week 4 (Aug 10 - Aug 16)""]",0,https://nyc-tourism-public.s3.amazonaws.com/srw26/menus/51132-MarlowEast-menu.pdf,https://www.opentable.com/restref/client/?rid=1424188,https://www.nyctourism.com/restaurant-week/marlow-east/,https://www.marloweast.com,partial
marsanne,Marsanne,Manhattan,Chelsea,"233 Eighth Ave., Manhattan, NY, 10011","[""Mediterranean""]","[""$30"", ""$60""]","[""dinner"", ""lunch""]","[""Week 4 (Aug 10 - Aug 16)"", ""Week 5 (Aug 17 - Aug 23)"", ""Week 6 (Aug 24 - Aug 31)"", ""Week 7 (Sept 1 - Sept 6)""]",1,,https://www.opentable.com/restref/client/?rid=1359478,https://www.nyctourism.com/restaurant-week/marsanne/,https://marsannenyc.com,
marseille,Marseille,Manhattan,Hells Kitchen,"630 Ninth Ave., Manhattan, NY, 10036","[""French"", ""Mediterranean""]","[""$30"", ""$45""]","[""dinner"", ""lunch""]","[""Week 4 (Aug 10 - Aug 16)"", ""Week 5 (Aug 17 - Aug 23)"", ""Week 6 (Aug 24 - Aug 31)"", ""Week 7 (Sept 1 - Sept 6)""]",1,https://nyc-tourism-public.s3.amazonaws.com/srw26/menus/20930-Marseille-menu.pdf,https://www.opentable.com/restref/client/?rid=1946,https://www.nyctourism.com/restaurant-week/marseille/,https://www.marseillenyc.com,partial
masaaki,Masaaki,Queens,Bayside,"214-16 41st Ave., Queens, NY, 11361","[""Japanese / Sushi""]","[""$30"", ""$60""]","[""brunch"", ""dinner"", ""lunch""]","[""Week 4 (Aug 10 - Aug 16)"", ""Week 5 (Aug 17 - Aug 23)"", ""Week 6 (Aug 24 - Aug 31)"", ""Week 7 (Sept 1 - Sept 6)""]",1,https://nyc-tourism-public.s3.amazonaws.com/srw26/menus/48977-Masaaki-menu.pdf,https://www.opentable.com/restref/client/?rid=1263607,https://www.nyctourism.com/restaurant-week/masaaki/,https://www.masaakiusa.com,failed
masalawala-and-sons,Masalawala & Sons,Brooklyn,Park Slope,"365 5th Ave., Brooklyn, NY, 11215","[""Indian""]","[""$45""]","[""dinner""]","[""Week 4 (Aug 10 - Aug 16)""]",1,,,https://www.nyctourism.com/restaurant-week/masalawala-and-sons/,https://www.masalawala.com,
masseria-dei-vini,Masseria Dei Vini,Manhattan,Hells Kitchen,"887 Ninth Ave., Manhattan, NY, 10019","[""Italian""]","[""$45"", ""$60""]","[""brunch"", ""dinner"", ""lunch""]","[""Week 4 (Aug 10 - Aug 16)"", ""Week 5 (Aug 17 - Aug 23)"", ""Week 6 (Aug 24 - Aug 31)"", ""Week 7 (Sept 1 - Sept 6)""]",1,https://nyc-tourism-public.s3.amazonaws.com/srw26/menus/38773-MasseriaDeiVini-menu.pdf,https://www.opentable.com/restref/client/?rid=151432,https://www.nyctourism.com/restaurant-week/masseria-dei-vini/,https://masseriadeivini.com,full
masseria-east,Masseria East,Manhattan,Upper East Side,"1404 Third Ave., Manhattan, NY, 10075","[""Italian""]","[""$45"", ""$60""]","[""brunch"", ""dinner"", ""lunch""]","[""Week 4 (Aug 10 - Aug 16)"", ""Week 5 (Aug 17 - Aug 23)"", ""Week 6 (Aug 24 - Aug 31)"", ""Week 7 (Sept 1 - Sept 6)""]",1,https://nyc-tourism-public.s3.amazonaws.com/srw26/menus/47936-MasseriaEast-menu.pdf,https://www.opentable.com/restref/client/?rid=220543,https://www.nyctourism.com/restaurant-week/masseria-east/,https://masseriaeast.com,full
mastros-steakhouse-nyc,Mastro's Steakhouse NYC,Manhattan,Midtown West,"1285 Sixth Ave., Manhattan, NY, 10019","[""Steakhouse""]","[""$60""]","[""dinner""]","[""Week 4 (Aug 10 - Aug 16)""]",0,,https://www.opentable.com/restref/client/?rid=151816,https://www.nyctourism.com/restaurant-week/mastros-steakhouse-nyc/,https://www.mastrosrestaurants.com/location/mastros-steakhouse-new-york,
maya,Maya,Manhattan,Upper East Side,"1191 First Ave., Manhattan, NY, 10065","[""Mexican""]","[""$45""]","[""dinner""]","[""Week 4 (Aug 10 - Aug 16)""]",1,https://nyc-tourism-public.s3.amazonaws.com/srw26/menus/23489-Maya-menu.pdf,https://www.opentable.com/restref/client/?rid=2501,https://www.nyctourism.com/restaurant-week/maya/,https://mayanewyorkcity.com,partial
ma-de,Ma•dé,Manhattan,Nolita,"22 Spring St., Manhattan, NY, 10012","[""Asian Fusion"", ""Seafood""]","[""$30"", ""$60""]","[""brunch"", ""dinner""]","[""Week 4 (Aug 10 - Aug 16)"", ""Week 5 (Aug 17 - Aug 23)"", ""Week 6 (Aug 24 - Aug 31)"", ""Week 7 (Sept 1 - Sept 6)""]",1,https://nyc-tourism-public.s3.amazonaws.com/srw26/menus/48652-Ma%E2%80%A2d%C3%A9-menu.pdf,,https://www.nyctourism.com/restaurant-week/ma-de/,https://www.ma-de-nyc.com,partial
meadowsweet-williamsburg,Meadowsweet,Brooklyn,Williamsburg,"149 Broadway, Brooklyn, NY, 11211","[""American (New)"", ""Mediterranean""]","[""$45"", ""$60""]","[""brunch"", ""dinner"", ""lunch""]","[""Week 4 (Aug 10 - Aug 16)"", ""Week 5 (Aug 17 - Aug 23)"", ""Week 6 (Aug 24 - Aug 31)"", ""Week 7 (Sept 1 - Sept 6)""]",1,https://nyc-tourism-public.s3.amazonaws.com/srw26/menus/39020-Meadowsweet-menu.pdf,https://www.opentable.com/restref/client/?rid=141328,https://www.nyctourism.com/restaurant-week/meadowsweet-williamsburg/,https://www.meadowsweetnyc.com,full
meet-the-meat,Meet the Meat,Queens,Astoria,"23-92 21st St., Queens, NY, 11105","[""Steakhouse""]","[""$60""]","[""dinner""]","[""Week 4 (Aug 10 - Aug 16)"", ""Week 5 (Aug 17 - Aug 23)"", ""Week 6 (Aug 24 - Aug 31)"", ""Week 7 (Sept 1 - Sept 6)""]",1,https://nyc-tourism-public.s3.amazonaws.com/srw26/menus/40026-MeettheMeat-menu.pdf,https://www.opentable.com/restref/client/?rid=172396,https://www.nyctourism.com/restaurant-week/meet-the-meat/,https://meetthemeatny.com,failed
the-mermaid-inn-upper-west-side,Mermaid Inn - Upper West Side,Manhattan,Upper West Side,"335 Columbus Ave., Manhattan, NY, 10023","[""Seafood""]","[""$45""]","[""lunch""]","[""Week 4 (Aug 10 - Aug 16)""]",0,,https://www.opentable.com/restref/client/?rid=1123207,https://www.nyctourism.com/restaurant-week/the-mermaid-inn-upper-west-side/,https://www.themermaidnyc.com/the-mermaid-inn-upper-west-side,
metropolis,Metropolis,Manhattan,Lower Manhattan,"251 Fulton St., Manhattan, NY, 10007","[""American (New)""]","[""$45"", ""$60""]","[""dinner"", ""lunch""]","[""Week 4 (Aug 10 - Aug 16)""]",0,,https://www.opentable.com/restref/client/?rid=1317532,https://www.nyctourism.com/restaurant-week/metropolis/,https://www.metropolisbymarcus.com,
mezze-on-the-river,Mezze on the River,Manhattan,Lower Manhattan,"375 South End Ave., Manhattan, NY, 10280","[""American (Traditional)""]","[""$60""]","[""dinner""]","[""Week 4 (Aug 10 - Aug 16)"", ""Week 5 (Aug 17 - Aug 23)"", ""Week 6 (Aug 24 - Aug 31)"", ""Week 7 (Sept 1 - Sept 6)""]",1,https://nyc-tourism-public.s3.amazonaws.com/srw26/menus/41658-MezzeontheRiver-menu.pdf,https://www.opentable.com/restref/client/?rid=1245115,https://www.nyctourism.com/restaurant-week/mezze-on-the-river/,https://www.mezzeontheriver.com,full
miriam-brooklyn,Miriam Brooklyn,Brooklyn,Park Slope,"79 5th Ave., Brooklyn, NY, 11217","[""Mediterranean""]","[""$30"", ""$45""]","[""dinner"", ""lunch""]","[""Week 4 (Aug 10 - Aug 16)""]",0,https://nyc-tourism-public.s3.amazonaws.com/srw26/menus/50508-MiriamBrooklyn-menu.pdf,https://www.opentable.com/restref/client/?rid=66544,https://www.nyctourism.com/restaurant-week/miriam-brooklyn/,https://parkslope.miriamrestaurant.com,failed
miriam-upper-east-side,Miriam Upper East Side,Manhattan,Upper East Side,"973 Lexington Ave., Manhattan, NY, 10021","[""Mediterranean""]","[""$45""]","[""dinner""]","[""Week 4 (Aug 10 - Aug 16)""]",1,,,https://www.nyctourism.com/restaurant-week/miriam-upper-east-side/,https://ues.miriamrestaurant.com,
miriam-upper-west-side,Miriam Upper West Side,Manhattan,Upper West Side,"300 Amsterdam Ave., Manhattan, NY, 10023","[""Mediterranean""]","[""$30"", ""$45""]","[""dinner"", ""lunch""]","[""Week 4 (Aug 10 - Aug 16)""]",0,,,https://www.nyctourism.com/restaurant-week/miriam-upper-west-side/,https://uws.miriamrestaurant.com,
miriam-west-village,Miriam West Village,Manhattan,West Village,"140 Seventh Ave. South, Manhattan, NY, 10014","[""Mediterranean""]","[""$30"", ""$45""]","[""dinner"", ""lunch""]","[""Week 4 (Aug 10 - Aug 16)""]",0,,https://www.opentable.com/restref/client/?rid=1481440,https://www.nyctourism.com/restaurant-week/miriam-west-village/,https://westvillage.miriamrestaurant.com,
miru,Miru,Manhattan,Chelsea,"Pier 57 at Hudson River Park, 25 Eleventh Ave., New York, NY, 10011","[""Japanese / Sushi""]","[""$45"", ""$60""]","[""dinner"", ""lunch""]","[""Week 4 (Aug 10 - Aug 16)"", ""Week 5 (Aug 17 - Aug 23)"", ""Week 6 (Aug 24 - Aug 31)"", ""Week 7 (Sept 1 - Sept 6)""]",0,https://nyc-tourism-public.s3.amazonaws.com/srw26/menus/50411-Miru-menu.pdf,,https://www.nyctourism.com/restaurant-week/miru/,https://mirunyc.com,full
mishik,Mishik,Manhattan,Hudson Square,"259A Hudson St., Manhattan, NY, 10013","[""Japanese / Sushi""]","[""$45"", ""$60""]","[""dinner"", ""lunch""]","[""Week 4 (Aug 10 - Aug 16)"", ""Week 5 (Aug 17 - Aug 23)"", ""Week 6 (Aug 24 - Aug 31)"", ""Week 7 (Sept 1 - Sept 6)""]",0,https://nyc-tourism-public.s3.amazonaws.com/srw26/menus/49207-Mishik-menu.pdf,,https://www.nyctourism.com/restaurant-week/mishik/,https://mishiknyc.com,partial
miss-nellies,Miss Nellie's,Manhattan,Hells Kitchen,"325 W. 44th St., Manhattan, NY, 10036","[""American (New)""]","[""$30"", ""$45""]","[""brunch"", ""dinner"", ""lunch""]","[""Week 4 (Aug 10 - Aug 16)""]",1,https://nyc-tourism-public.s3.amazonaws.com/srw26/menus/50483-MissNellie%27s-menu.pdf,,https://www.nyctourism.com/restaurant-week/miss-nellies/,https://www.missnelliesny.com,failed
mission-ceviche-union-square,Mission Ceviche - Union Square,Manhattan,Union Square,"7 E. 17th St., Manhattan, NY, 10003","[""Peruvian""]","[""$30"", ""$45"", ""$60""]","[""brunch"", ""dinner"", ""lunch""]","[""Week 4 (Aug 10 - Aug 16)""]",1,https://nyc-tourism-public.s3.amazonaws.com/srw26/menus/49893-MissionCeviche-UnionSquare-menu.pdf,https://www.opentable.com/restref/client/?rid=1361170,https://www.nyctourism.com/restaurant-week/mission-ceviche-union-square/,https://missionceviche.com/locations,partial
mission-ceviche-upper-east-side,Mission Ceviche - Upper East Side,Manhattan,Upper East Side,"1400 Second Ave., Manhattan, NY, 10021","[""Peruvian""]","[""$30"", ""$45"", ""$60""]","[""brunch"", ""dinner"", ""lunch""]","[""Week 4 (Aug 10 - Aug 16)""]",1,,https://www.opentable.com/restref/client/?rid=1283566,https://www.nyctourism.com/restaurant-week/mission-ceviche-upper-east-side/,https://missionceviche.com/upper-east-side-location,
mito-bayside,Mito - Bayside,Queens,Bayside,"210-35 26th Ave., Queens, NY, 11375","[""Asian Fusion""]","[""$30"", ""$45""]","[""brunch"", ""dinner"", ""lunch""]","[""Week 4 (Aug 10 - Aug 16)"", ""Week 5 (Aug 17 - Aug 23)"", ""Week 6 (Aug 24 - Aug 31)"", ""Week 7 (Sept 1 - Sept 6)""]",1,https://nyc-tourism-public.s3.amazonaws.com/srw26/menus/48790-Mito-Bayside-menu.pdf,,https://www.nyctourism.com/restaurant-week/mito-bayside/,https://themito.com,full
mito-forest-hills,Mito - Forest Hills,Queens,Forest Hills,"64-18 108th St., Queens, NY, 11375","[""Japanese / Sushi""]","[""$30"", ""$45""]","[""brunch"", ""dinner"", ""lunch""]","[""Week 4 (Aug 10 - Aug 16)"", ""Week 5 (Aug 17 - Aug 23)"", ""Week 6 (Aug 24 - Aug 31)"", ""Week 7 (Sept 1 - Sept 6)""]",1,https://nyc-tourism-public.s3.amazonaws.com/srw26/menus/49414-Mito-ForestHills-menu.pdf,,https://www.nyctourism.com/restaurant-week/mito-forest-hills/,https://themito.com,full
mito-fort-greene,Mito - Fort Greene,Brooklyn,Fort Greene,"280 Ashland Pl., Brooklyn, NY, 11217","[""Japanese / Sushi""]","[""$30"", ""$45""]","[""brunch"", ""dinner"", ""lunch""]","[""Week 4 (Aug 10 - Aug 16)"", ""Week 5 (Aug 17 - Aug 23)"", ""Week 6 (Aug 24 - Aug 31)"", ""Week 7 (Sept 1 - Sept 6)""]",1,https://nyc-tourism-public.s3.amazonaws.com/srw26/menus/50318-Mito-FortGreene-menu.pdf,,https://www.nyctourism.com/restaurant-week/mito-fort-greene/,https://themito.com,full
mokyo,Mokyo,Manhattan,East Village,"109 St. Marks Pl., Manhattan, NY, 10009","[""Korean"", ""Asian Fusion""]","[""$45""]","[""dinner""]","[""Week 4 (Aug 10 - Aug 16)""]",1,https://nyc-tourism-public.s3.amazonaws.com/srw26/menus/49437-Mokyo-menu.pdf,,https://www.nyctourism.com/restaurant-week/mokyo/,https://www.mokyony.com,partial
molyvos-restaurant,Molyvos,Manhattan,Hells Kitchen,"402 W. 43rd St., Manhattan, NY, 10036","[""Greek""]","[""$30"", ""$60""]","[""brunch"", ""dinner"", ""lunch""]","[""Week 4 (Aug 10 - Aug 16)"", ""Week 5 (Aug 17 - Aug 23)"", ""Week 6 (Aug 24 - Aug 31)"", ""Week 7 (Sept 1 - Sept 6)""]",1,https://nyc-tourism-public.s3.amazonaws.com/srw26/menus/15164-Molyvos-menu.pdf,https://www.opentable.com/restref/client/?rid=174,https://www.nyctourism.com/restaurant-week/molyvos-restaurant/,https://www.molyvos.com,full
momofuku-noodle-bar-east-village,Momofuku Noodle Bar,Manhattan,East Village,"171 First Ave., Manhattan, NY, 10003","[""Asian Fusion"", ""American (New)"", ""Korean""]","[""$45"", ""$60""]","[""brunch"", ""dinner"", ""lunch""]","[""Week 4 (Aug 10 - Aug 16)"", ""Week 5 (Aug 17 - Aug 23)"", ""Week 6 (Aug 24 - Aug 31)""]",1,https://nyc-tourism-public.s3.amazonaws.com/srw26/menus/44128-MomofukuNoodleBar-EastVillage-menu.pdf,https://www.opentable.com/restref/client/?rid=1392934,https://www.nyctourism.com/restaurant-week/momofuku-noodle-bar-east-village/,https://momofukunoodlebar.com,partial
momofuku-noodle-bar-uptown,Momofuku Noodle Bar - Uptown,Manhattan,Midtown West,"The Shops at Columbus Circle, 10 Columbus Circle, Manhattan, NY, 10019","[""Asian Fusion"", ""American (New)"", ""Korean""]","[""$45"", ""$60""]","[""brunch"", ""dinner"", ""lunch""]","[""Week 4 (Aug 10 - Aug 16)"", ""Week 5 (Aug 17 - Aug 23)"", ""Week 6 (Aug 24 - Aug 31)""]",1,https://nyc-tourism-public.s3.amazonaws.com/srw26/menus/44129-MomofukuNoodleBar-Uptown-menu.pdf,https://www.opentable.com/restref/client/?rid=1072219,https://www.nyctourism.com/restaurant-week/momofuku-noodle-bar-uptown/,https://momofukunoodlebar.com,partial
momoya-upper-west,Momoya - Upper West Side,Manhattan,Upper West Side,"427 Amsterdam Ave., Manhattan, NY, 10024","[""Japanese / Sushi""]","[""$30"", ""$45""]","[""brunch"", ""dinner"", ""lunch""]","[""Week 4 (Aug 10 - Aug 16)"", ""Week 5 (Aug 17 - Aug 23)"", ""Week 6 (Aug 24 - Aug 31)"", ""Week 7 (Sept 1 - Sept 6)""]",1,,https://www.opentable.com/restref/client/?rid=242434,https://www.nyctourism.com/restaurant-week/momoya-upper-west/,https://momoyanyc.com/uws.html,
momoya-soho,Momoya Soho,Manhattan,Nolita,"47 Prince St., Manhattan, NY, 10012","[""Japanese / Sushi""]","[""$30"", ""$60""]","[""brunch"", ""dinner"", ""lunch""]","[""Week 4 (Aug 10 - Aug 16)"", ""Week 5 (Aug 17 - Aug 23)"", ""Week 6 (Aug 24 - Aug 31)"", ""Week 7 (Sept 1 - Sept 6)""]",1,https://nyc-tourism-public.s3.amazonaws.com/srw26/menus/46600-MomoyaSoho-menu.pdf,https://www.opentable.com/restref/client/?rid=1238623,https://www.nyctourism.com/restaurant-week/momoya-soho/,https://momoyanyc.com/soho.html,partial
monterey,Monterey,Manhattan,Midtown East,"37 E. 50th St., Manhattan, NY, 10019","[""American (New)""]","[""$45"", ""$60""]","[""dinner"", ""lunch""]","[""Week 4 (Aug 10 - Aug 16)"", ""Week 5 (Aug 17 - Aug 23)"", ""Week 6 (Aug 24 - Aug 31)"", ""Week 7 (Sept 1 - Sept 6)""]",0,https://nyc-tourism-public.s3.amazonaws.com/srw26/menus/48139-Monterey-menu.pdf,https://www.opentable.com/restref/client/?rid=1242103,https://www.nyctourism.com/restaurant-week/monterey/,https://www.montereyny.com,full
moono,Moono,Manhattan,Koreatown,"29 E. 32nd St., Manhattan, NY, 10016","[""Korean""]","[""$60""]","[""dinner""]","[""Week 4 (Aug 10 - Aug 16)"", ""Week 5 (Aug 17 - Aug 23)"", ""Week 6 (Aug 24 - Aug 31)"", ""Week 7 (Sept 1 - Sept 6)""]",1,https://nyc-tourism-public.s3.amazonaws.com/srw26/menus/48991-Moono-menu.pdf,,https://www.nyctourism.com/restaurant-week/moono/,https://www.moononyc.com,failed
morandi,Morandi,Manhattan,West Village,"211 Waverly Pl., Manhattan, NY, 10014","[""Italian""]","[""$30""]","[""lunch""]","[""Week 4 (Aug 10 - Aug 16)"", ""Week 5 (Aug 17 - Aug 23)"", ""Week 6 (Aug 24 - Aug 31)"", ""Week 7 (Sept 1 - Sept 6)""]",0,https://nyc-tourism-public.s3.amazonaws.com/srw26/menus/40775-Morandi-menu.pdf,,https://www.nyctourism.com/restaurant-week/morandi/,https://www.morandiny.com,full
morgans-brooklyn-barbecue-prospect-heights,Morgan's Brooklyn Barbecue,Brooklyn,Prospect Heights,"267 Flatbush Ave., Brooklyn, NY, 11217","[""Barbecue""]","[""$30""]","[""dinner"", ""lunch""]","[""Week 4 (Aug 10 - Aug 16)"", ""Week 5 (Aug 17 - Aug 23)"", ""Week 6 (Aug 24 - Aug 31)"", ""Week 7 (Sept 1 - Sept 6)""]",0,https://nyc-tourism-public.s3.amazonaws.com/srw26/menus/41802-Morgan%27sBrooklynBarbecue-menu.pdf,,https://www.nyctourism.com/restaurant-week/morgans-brooklyn-barbecue-prospect-heights/,https://www.morgansbrooklynbarbecue.com,full
mortons-the-steakhouse-manhattan,Morton's The Steakhouse—Manhattan,Manhattan,Midtown East,"551 Fifth Ave. (enter on 45th St.), Manhattan, NY, 10017","[""Steakhouse""]","[""$45"", ""$60""]","[""dinner"", ""lunch""]","[""Week 4 (Aug 10 - Aug 16)"", ""Week 5 (Aug 17 - Aug 23)"", ""Week 6 (Aug 24 - Aug 31)""]",1,,https://www.opentable.com/restref/client/?rid=3018,https://www.nyctourism.com/restaurant-week/mortons-the-steakhouse-manhattan/,https://www.mortons.com/newyork,
mortons-the-steakhouse-world-trade-center,Morton's The Steakhouse—World Trade Center,Manhattan,Lower Manhattan,"136 Washington St., Manhattan, NY, 10006","[""Steakhouse""]","[""$30"", ""$60""]","[""dinner"", ""lunch""]","[""Week 4 (Aug 10 - Aug 16)"", ""Week 5 (Aug 17 - Aug 23)"", ""Week 6 (Aug 24 - Aug 31)""]",1,,https://www.opentable.com/restref/client/?rid=107920,https://www.nyctourism.com/restaurant-week/mortons-the-steakhouse-world-trade-center/,https://www.mortons.com/newyorkwtc,
mr-chow-new-york-57th-street,Mr Chow New York - 57th Street,Manhattan,Midtown East,"324 E. 57th St., Manhattan, NY, 10022","[""Chinese""]","[""$60""]","[""dinner""]","[""Week 4 (Aug 10 - Aug 16)"", ""Week 5 (Aug 17 - Aug 23)"", ""Week 6 (Aug 24 - Aug 31)"", ""Week 7 (Sept 1 - Sept 6)""]",1,https://nyc-tourism-public.s3.amazonaws.com/srw26/menus/7862-MrChowNewYork-57thStreet-menu.pdf,https://www.opentable.com/restref/client/?rid=28762,https://www.nyctourism.com/restaurant-week/mr-chow-new-york-57th-street/,https://www.mrchow.com/location/new-york-57th-street,full
mr-chow-new-york-tribeca,Mr Chow New York - Tribeca,Manhattan,Tribeca,"121 Hudson St., Manhattan, NY, 10013","[""Chinese""]","[""$60""]","[""dinner""]","[""Week 4 (Aug 10 - Aug 16)"", ""Week 5 (Aug 17 - Aug 23)"", ""Week 6 (Aug 24 - Aug 31)"", ""Week 7 (Sept 1 - Sept 6)""]",1,https://nyc-tourism-public.s3.amazonaws.com/srw26/menus/34569-MrChowNewYorkTribeca-menu.pdf,https://www.opentable.com/restref/client/?rid=28759,https://www.nyctourism.com/restaurant-week/mr-chow-new-york-tribeca/,https://www.mrchow.com/location/new-york-tribeca,full
murano-ristorante,Murano Ristorante,Manhattan,Midtown East,"120 E. 56th St., Manhattan, NY, 10022","[""Italian""]","[""$45"", ""$60""]","[""dinner"", ""lunch""]","[""Week 4 (Aug 10 - Aug 16)"", ""Week 5 (Aug 17 - Aug 23)"", ""Week 6 (Aug 24 - Aug 31)"", ""Week 7 (Sept 1 - Sept 6)""]",1,,https://www.opentable.com/restref/client/?rid=1393198,https://www.nyctourism.com/restaurant-week/murano-ristorante/,https://www.muranonewyork.com,
musaek,Musaek,Manhattan,Nomad,"6 E. 32nd St., Manhattan, NY, 10016","[""Seafood""]","[""$60""]","[""dinner""]","[""Week 4 (Aug 10 - Aug 16)"", ""Week 5 (Aug 17 - Aug 23)"", ""Week 6 (Aug 24 - Aug 31)"", ""Week 7 (Sept 1 - Sept 6)""]",0,https://nyc-tourism-public.s3.amazonaws.com/srw26/menus/51127-Musaek-menu.pdf,,https://www.nyctourism.com/restaurant-week/musaek/,https://www.musaek.nyc,failed
meduza-mediterrania,Mēdüzā Mediterrania,Manhattan,Meatpacking District,"657 Hudson St., Manhattan, NY, 10014","[""Mediterranean""]","[""$60""]","[""dinner""]","[""Week 5 (Aug 17 - Aug 23)"", ""Week 6 (Aug 24 - Aug 31)""]",1,https://nyc-tourism-public.s3.amazonaws.com/srw26/menus/51366-MeduzaMediterrania-menu.pdf,https://www.opentable.com/restref/client/?rid=1322749,https://www.nyctourism.com/restaurant-week/meduza-mediterrania/,https://www.meduza33.com,partial
naks,Naks,Manhattan,East Village,"201 First Ave., Manhattan, NY, 10003",[],"[""$60""]","[""dinner""]","[""Week 4 (Aug 10 - Aug 16)""]",1,https://nyc-tourism-public.s3.amazonaws.com/srw26/menus/49247-Naks-menu.pdf,,https://www.nyctourism.com/restaurant-week/naks/,https://www.naks.nyc,partial
nar-restaurant,Nar Restaurant,Manhattan,Flatiron District,"34 E. 20th St., Manhattan, NY, 10003","[""Mediterranean"", ""Turkish""]","[""$45"", ""$60""]","[""brunch"", ""dinner"", ""lunch""]","[""Week 4 (Aug 10 - Aug 16)""]",1,https://nyc-tourism-public.s3.amazonaws.com/srw26/menus/48600-NarRestaurant-menu.pdf,,https://www.nyctourism.com/restaurant-week/nar-restaurant/,https://www.narrestaurant.nyc,full
nari,Nari,Manhattan,Midtown West,"43 W. 54th St., Manhattan, NY, 10019","[""Korean""]","[""$45""]","[""brunch"", ""dinner""]","[""Week 4 (Aug 10 - Aug 16)"", ""Week 5 (Aug 17 - Aug 23)"", ""Week 6 (Aug 24 - Aug 31)"", ""Week 7 (Sept 1 - Sept 6)""]",1,https://nyc-tourism-public.s3.amazonaws.com/srw26/menus/49133-Nari-menu.pdf,,https://www.nyctourism.com/restaurant-week/nari/,https://www.nari54.com,full
narkara,Narkara,Manhattan,Union Square,"5 E. 17th St., Manhattan, NY, 10003","[""Thai""]","[""$60""]","[""brunch"", ""dinner""]","[""Week 4 (Aug 10 - Aug 16)"", ""Week 5 (Aug 17 - Aug 23)"", ""Week 6 (Aug 24 - Aug 31)"", ""Week 7 (Sept 1 - Sept 6)""]",1,https://nyc-tourism-public.s3.amazonaws.com/srw26/menus/50891-Narkara-menu.pdf,,https://www.nyctourism.com/restaurant-week/narkara/,https://www.narkaranyc.com,failed
naro,Naro,Manhattan,Midtown West,"610 Fifth Ave., Manhattan, NY, 10020","[""Korean""]","[""$45"", ""$60""]","[""brunch"", ""dinner"", ""lunch""]","[""Week 4 (Aug 10 - Aug 16)"", ""Week 5 (Aug 17 - Aug 23)"", ""Week 6 (Aug 24 - Aug 31)"", ""Week 7 (Sept 1 - Sept 6)""]",1,https://nyc-tourism-public.s3.amazonaws.com/srw26/menus/48763-Naro-menu.pdf,https://www.opentable.com/restref/client/?rid=1268866,https://www.nyctourism.com/restaurant-week/naro/,https://www.naronyc.com,full
neirs,Neir's Tavern,Queens,Woodhaven,"87-48 78th St., Queens, NY, 11421","[""American (Traditional)""]","[""$30""]","[""dinner"", ""lunch""]","[""Week 4 (Aug 10 - Aug 16)""]",1,,,https://www.nyctourism.com/restaurant-week/neirs/,https://neirstavern.com,
nice-matin,Nice Matin,Manhattan,Upper West Side,"201 W. 79th St., Manhattan, NY, 10024","[""French"", ""Mediterranean""]","[""$30"", ""$45""]","[""dinner"", ""lunch""]","[""Week 4 (Aug 10 - Aug 16)"", ""Week 5 (Aug 17 - Aug 23)"", ""Week 6 (Aug 24 - Aug 31)"", ""Week 7 (Sept 1 - Sept 6)""]",1,https://nyc-tourism-public.s3.amazonaws.com/srw26/menus/23936-NiceMatin-menu.pdf,https://www.opentable.com/restref/client/?rid=2374,https://www.nyctourism.com/restaurant-week/nice-matin/,https://www.nicematinnyc.com,full
nick-stefs-steakhouse,Nick + Stef's Steakhouse,Manhattan,Midtown West,"9 Penn Plaza, Manhattan, NY, 10001","[""Steakhouse""]","[""$30""]","[""brunch"", ""lunch""]","[""Week 4 (Aug 10 - Aug 16)""]",1,https://nyc-tourism-public.s3.amazonaws.com/srw26/menus/18712-Nick%2BStef%27sSteakhouse-menu.pdf,https://www.opentable.com/restref/client/?rid=2216,https://www.nyctourism.com/restaurant-week/nick-stefs-steakhouse/,https://www.nickandstefsnyc.com,full
niku-x,Niku X,Manhattan,Herald Square,"21 W. 35th St., Manhattan, NY, 10001","[""Japanese / Sushi""]","[""$60""]","[""brunch"", ""dinner"", ""lunch""]","[""Week 4 (Aug 10 - Aug 16)"", ""Week 5 (Aug 17 - Aug 23)"", ""Week 6 (Aug 24 - Aug 31)"", ""Week 7 (Sept 1 - Sept 6)""]",1,https://nyc-tourism-public.s3.amazonaws.com/srw26/menus/50582-NikuX-menu.pdf,,https://www.nyctourism.com/restaurant-week/niku-x/,https://nikux.com,failed
ninos-restaurant,Nino's,Manhattan,Midtown East,"405 E. 52nd St., Manhattan, NY, 10022","[""Italian""]","[""$30"", ""$60""]","[""dinner"", ""lunch""]","[""Week 4 (Aug 10 - Aug 16)"", ""Week 5 (Aug 17 - Aug 23)"", ""Week 6 (Aug 24 - Aug 31)"", ""Week 7 (Sept 1 - Sept 6)""]",1,https://nyc-tourism-public.s3.amazonaws.com/srw26/menus/22745-Nino%27s-menu.pdf,https://www.opentable.com/restref/client/?rid=1054126,https://www.nyctourism.com/restaurant-week/ninos-restaurant/,https://www.ninosnyc.com,full
nizza,Nizza,Manhattan,Hells Kitchen,"630 Ninth Ave., Manhattan, NY, 10036","[""Italian"", ""French"", ""Pizza""]","[""$30"", ""$45""]","[""dinner"", ""lunch""]","[""Week 4 (Aug 10 - Aug 16)"", ""Week 5 (Aug 17 - Aug 23)"", ""Week 6 (Aug 24 - Aug 31)"", ""Week 7 (Sept 1 - Sept 6)""]",1,https://nyc-tourism-public.s3.amazonaws.com/srw26/menus/44381-Nizza-menu.pdf,https://www.opentable.com/restref/client/?rid=29137,https://www.nyctourism.com/restaurant-week/nizza/,https://nizzanyc.com,partial
no-work-allowed,No Work Allowed,Manhattan,Midtown East,"235 E. 53rd St., Manhattan, NY, 10022","[""Asian Fusion"", ""Japanese / Sushi"", ""Thai""]","[""$45""]","[""dinner""]","[""Week 4 (Aug 10 - Aug 16)"", ""Week 5 (Aug 17 - Aug 23)"", ""Week 6 (Aug 24 - Aug 31)"", ""Week 7 (Sept 1 - Sept 6)""]",1,,,https://www.nyctourism.com/restaurant-week/no-work-allowed/,https://noworkallowednyc.godaddysites.com,
nonna-doras,Nonna Dora's - 2nd Avenue,Manhattan,Kips Bay,"606 Second Ave., Manhattan, NY, 10016","[""Italian""]","[""$60""]","[""dinner""]","[""Week 4 (Aug 10 - Aug 16)"", ""Week 5 (Aug 17 - Aug 23)"", ""Week 6 (Aug 24 - Aug 31)"", ""Week 7 (Sept 1 - Sept 6)""]",1,,,https://www.nyctourism.com/restaurant-week/nonna-doras/,https://www.nonnadoras.com,
nonna-doras-tribeca,Nonna Dora's - Tribeca,Manhattan,Tribeca,"200 Church St., Manhattan, NY, 10013","[""Italian""]","[""$45"", ""$60""]","[""dinner"", ""lunch""]","[""Week 4 (Aug 10 - Aug 16)"", ""Week 5 (Aug 17 - Aug 23)"", ""Week 6 (Aug 24 - Aug 31)"", ""Week 7 (Sept 1 - Sept 6)""]",1,,https://www.opentable.com/restref/client/?rid=1442974,https://www.nyctourism.com/restaurant-week/nonna-doras-tribeca/,https://www.nonnadoras.com/location/tribeca,
noreetuh,Noreetuh,Manhattan,East Village,"128 First Ave., Manhattan, NY, 10009","[""Hawaiian""]","[""$60""]","[""brunch"", ""dinner""]","[""Week 4 (Aug 10 - Aug 16)"", ""Week 5 (Aug 17 - Aug 23)"", ""Week 6 (Aug 24 - Aug 31)"", ""Week 7 (Sept 1 - Sept 6)""]",1,,,https://www.nyctourism.com/restaurant-week/noreetuh/,https://www.noreetuh.com,
nougatine-at-jean-georges,Nougatine at Jean-Georges,Manhattan,Upper West Side,"1 Central Park West, Manhattan, NY, 10023","[""American (New)""]","[""$60""]","[""brunch"", ""dinner"", ""lunch""]","[""Week 4 (Aug 10 - Aug 16)"", ""Week 5 (Aug 17 - Aug 23)"", ""Week 6 (Aug 24 - Aug 31)"", ""Week 7 (Sept 1 - Sept 6)""]",1,,,https://www.nyctourism.com/restaurant-week/nougatine-at-jean-georges/,https://www.jean-georgesrestaurant.com/nougatine-and-terrace-at-jean-georges,
nudibranch,Nudibranch,Manhattan,East Village,"125 First Ave., Manhattan, NY, 10003","[""Korean"", ""Spanish""]","[""$60""]","[""dinner""]","[""Week 4 (Aug 10 - Aug 16)"", ""Week 5 (Aug 17 - Aug 23)"", ""Week 6 (Aug 24 - Aug 31)"", ""Week 7 (Sept 1 - Sept 6)""]",1,https://nyc-tourism-public.s3.amazonaws.com/srw26/menus/46309-Nudibranch-menu.pdf,https://www.opentable.com/restref/client/?rid=1238359,https://www.nyctourism.com/restaurant-week/nudibranch/,https://nudibranchnyc.com,partial
nusr-et-midtown,Nusr-Et - Midtown,Manhattan,Midtown West,"60 W. 53rd St., Manhattan, NY, 10019","[""Steakhouse""]","[""$45"", ""$60""]","[""brunch"", ""dinner"", ""lunch""]","[""Week 4 (Aug 10 - Aug 16)""]",1,https://nyc-tourism-public.s3.amazonaws.com/srw26/menus/48615-Nusr-Et-Midtown-menu.pdf,https://www.opentable.com/restref/client/?rid=988885,https://www.nyctourism.com/restaurant-week/nusr-et-midtown/,https://www.nusr-et.com.tr/distinctive-venues/new-york-midtown.2.aspx,partial
nuyores,Nuyores,Manhattan,West Village,"154 W. 13th St., Manhattan, NY, 10011","[""Peruvian""]","[""$30"", ""$60""]","[""brunch"", ""dinner""]","[""Week 4 (Aug 10 - Aug 16)""]",1,https://nyc-tourism-public.s3.amazonaws.com/srw26/menus/50970-Nuyores-menu.pdf,https://www.opentable.com/restref/client/?rid=1459951,https://www.nyctourism.com/restaurant-week/nuyores/,https://www.nuyores.com,partial
ocean-prime,Ocean Prime,Manhattan,Midtown West,"123 W. 52nd St., Manhattan, NY, 10019","[""Seafood"", ""Steakhouse""]","[""$60""]","[""dinner"", ""lunch""]","[""Week 4 (Aug 10 - Aug 16)""]",0,https://nyc-tourism-public.s3.amazonaws.com/srw26/menus/38880-OceanPrime-menu.pdf,https://www.opentable.com/restref/client/?rid=173662,https://www.nyctourism.com/restaurant-week/ocean-prime/,https://ocean-prime.com/locations-menus/new-york-city,partial
oceana,Oceana,Manhattan,Midtown West,"120 W. 49th St., Manhattan, NY, 10020","[""Seafood""]","[""$60""]","[""dinner""]","[""Week 4 (Aug 10 - Aug 16)"", ""Week 5 (Aug 17 - Aug 23)"", ""Week 6 (Aug 24 - Aug 31)"", ""Week 7 (Sept 1 - Sept 6)""]",0,https://nyc-tourism-public.s3.amazonaws.com/srw26/menus/11776-Oceana-menu.pdf,https://www.opentable.com/restref/client/?rid=178,https://www.nyctourism.com/restaurant-week/oceana/,https://www.oceanarestaurant.com,full
oceans,Oceans,Manhattan,Gramercy,"233 Park Ave. South, Manhattan, NY, 10003","[""Seafood""]","[""$60""]","[""dinner""]","[""Week 4 (Aug 10 - Aug 16)""]",1,https://nyc-tourism-public.s3.amazonaws.com/srw26/menus/44325-Oceans-menu.pdf,https://www.opentable.com/restref/client/?rid=1050274,https://www.nyctourism.com/restaurant-week/oceans/,https://oceansnewyork.com,full
oda-house-manhattan,Oda House - Manhattan,Manhattan,Upper East Side,"406 E. 73rd St., Manhattan, NY, 10021","[""Georgian"", ""Eastern European""]","[""$45""]","[""brunch"", ""dinner"", ""lunch""]","[""Week 4 (Aug 10 - Aug 16)"", ""Week 5 (Aug 17 - Aug 23)"", ""Week 6 (Aug 24 - Aug 31)"", ""Week 7 (Sept 1 - Sept 6)""]",1,https://nyc-tourism-public.s3.amazonaws.com/srw26/menus/49351-OdaHouse-Manhattan-menu.pdf,https://www.opentable.com/restref/client/?rid=1043122,https://www.nyctourism.com/restaurant-week/oda-house-manhattan/,https://odahouse.com/hours-locations/manhattan,full
olio-e-piu,Olio e Più,Manhattan,West Village,"3 Greenwich Ave., Manhattan, NY, 10014","[""Italian"", ""Pizza""]","[""$30"", ""$45""]","[""dinner"", ""lunch""]","[""Week 4 (Aug 10 - Aug 16)""]",0,https://nyc-tourism-public.s3.amazonaws.com/srw26/menus/46074-OlioePi%C3%B9-menu.pdf,https://www.opentable.com/restref/client/?rid=55837,https://www.nyctourism.com/restaurant-week/olio-e-piu/,https://www.olioepiu.com,full
olio-e-piu-bryant-park,Olio e Più Bryant Park,Manhattan,Midtown West,"1065 Sixth Ave., Manhattan, NY, 10018","[""Italian""]","[""$30"", ""$45""]","[""dinner"", ""lunch""]","[""Week 4 (Aug 10 - Aug 16)""]",0,https://nyc-tourism-public.s3.amazonaws.com/srw26/menus/50305-OlioePi%C3%B9BryantPark-menu.pdf,,https://www.nyctourism.com/restaurant-week/olio-e-piu-bryant-park/,https://www.olioepiu.com/location/nyc-bryant-park,full
olio-e-piu-east-village,Olio e Più East Village,Manhattan,East Village,"106 Third Ave., Manhattan, NY, 10003","[""Italian""]","[""$30"", ""$45""]","[""dinner"", ""lunch""]","[""Week 4 (Aug 10 - Aug 16)""]",0,https://nyc-tourism-public.s3.amazonaws.com/srw26/menus/50882-OlioePi%C3%B9EastVillage-menu.pdf,https://www.opentable.com/restref/client/?rid=1502503,https://www.nyctourism.com/restaurant-week/olio-e-piu-east-village/,https://www.olioepiu.com/location-nyc-east-village,full
oncheon,Oncheon,Manhattan,Koreatown,"312 Fifth Ave., Manhattan, NY, 10001","[""Korean""]","[""$45"", ""$60""]","[""brunch"", ""dinner"", ""lunch""]","[""Week 4 (Aug 10 - Aug 16)""]",1,https://nyc-tourism-public.s3.amazonaws.com/srw26/menus/49590-Oncheon-menu.pdf,,https://www.nyctourism.com/restaurant-week/oncheon/,https://oncheonnyc.com,failed
one-dine,One Dine,Manhattan,Lower Manhattan,"One World Trade Center, 117 West St., 101st fl., Manhattan, NY, 10007","[""American (New)""]","[""$60""]","[""lunch""]","[""Week 4 (Aug 10 - Aug 16)"", ""Week 5 (Aug 17 - Aug 23)"", ""Week 6 (Aug 24 - Aug 31)"", ""Week 7 (Sept 1 - Sept 6)""]",0,,https://www.opentable.com/restref/client/?rid=172837,https://www.nyctourism.com/restaurant-week/one-dine/,https://www.oneworldobservatory.com/bar-restaurant,
ophelia-lounge-nyc,Ophelia Lounge NYC,Manhattan,Midtown East,"3 Mitchell Pl., 26th fl., Manhattan, NY, 10017","[""American (New)""]","[""$60""]","[""dinner""]","[""Week 4 (Aug 10 - Aug 16)"", ""Week 5 (Aug 17 - Aug 23)"", ""Week 6 (Aug 24 - Aug 31)"", ""Week 7 (Sept 1 - Sept 6)""]",1,https://nyc-tourism-public.s3.amazonaws.com/srw26/menus/42037-OpheliaLoungeNYC-menu.pdf,https://www.opentable.com/restref/client/?rid=995113,https://www.nyctourism.com/restaurant-week/ophelia-lounge-nyc/,https://www.opheliany.com,full
oscar-wilde,Oscar Wilde,Manhattan,Nomad,"45 W. 27th St., Manhattan, NY, 10001","[""American (New)"", ""British""]","[""$45"", ""$60""]","[""dinner"", ""lunch""]","[""Week 4 (Aug 10 - Aug 16)"", ""Week 5 (Aug 17 - Aug 23)"", ""Week 6 (Aug 24 - Aug 31)"", ""Week 7 (Sept 1 - Sept 6)""]",1,https://nyc-tourism-public.s3.amazonaws.com/srw26/menus/40035-OscarWilde-menu.pdf,https://www.opentable.com/restref/client/?rid=989221,https://www.nyctourism.com/restaurant-week/oscar-wilde/,https://www.oscarwildenyc.com,full
osteria-57,Osteria 57,Manhattan,Greenwich Village,"453 Sixth Ave., Manhattan, NY, 10011","[""Italian"", ""Seafood"", ""Vegan"", ""Vegetarian""]","[""$45""]","[""brunch"", ""dinner""]","[""Week 4 (Aug 10 - Aug 16)"", ""Week 5 (Aug 17 - Aug 23)"", ""Week 6 (Aug 24 - Aug 31)"", ""Week 7 (Sept 1 - Sept 6)""]",1,https://nyc-tourism-public.s3.amazonaws.com/srw26/menus/41052-Osteria57-menu.pdf,,https://www.nyctourism.com/restaurant-week/osteria-57/,https://osteria57.com,full
osteria-brooklyn,Osteria Brooklyn,Brooklyn,Clinton Hill,"458 Myrtle Ave., Brooklyn, NY, 11205","[""Italian""]","[""$30"", ""$45""]","[""brunch"", ""dinner"", ""lunch""]","[""Week 4 (Aug 10 - Aug 16)"", ""Week 5 (Aug 17 - Aug 23)"", ""Week 6 (Aug 24 - Aug 31)"", ""Week 7 (Sept 1 - Sept 6)""]",1,,,https://www.nyctourism.com/restaurant-week/osteria-brooklyn/,https://www.osteriabrooklyn.com,
osteria-figa,Osteria Figa,Manhattan,Greenwich Village,"15 E. 12th St., Manhattan, NY, 10003","[""Italian""]","[""$30"", ""$45""]","[""brunch"", ""dinner"", ""lunch""]","[""Week 4 (Aug 10 - Aug 16)"", ""Week 5 (Aug 17 - Aug 23)"", ""Week 6 (Aug 24 - Aug 31)"", ""Week 7 (Sept 1 - Sept 6)""]",1,,https://www.opentable.com/restref/client/?rid=1403734,https://www.nyctourism.com/restaurant-week/osteria-figa/,https://www.osteriafiga.com,
palermo-argentinian-bistro-gramercy,Palermo Argentinian Bistro - Gramercy,Manhattan,Gramercy,"53 Irving Pl., Manhattan, NY, 10003","[""Argentinian"", ""Steakhouse""]","[""$45"", ""$60""]","[""brunch"", ""dinner"", ""lunch""]","[""Week 4 (Aug 10 - Aug 16)"", ""Week 5 (Aug 17 - Aug 23)"", ""Week 6 (Aug 24 - Aug 31)"", ""Week 7 (Sept 1 - Sept 6)""]",1,,https://www.opentable.com/restref/client/?rid=1428664,https://www.nyctourism.com/restaurant-week/palermo-argentinian-bistro-gramercy/,https://www.palermoargentinianbistro.com,
palermo-argentinian-bistro,Palermo Argentinian Bistro - NYC,Manhattan,Times Square/Theatre District,"373 W. 46th St., Manhattan, NY, 10036","[""Argentinian"", ""Steakhouse""]","[""$60""]","[""dinner""]","[""Week 4 (Aug 10 - Aug 16)"", ""Week 5 (Aug 17 - Aug 23)"", ""Week 6 (Aug 24 - Aug 31)"", ""Week 7 (Sept 1 - Sept 6)""]",1,https://nyc-tourism-public.s3.amazonaws.com/srw26/menus/48474-PalermoArgentinianBistro-NYC-menu.pdf,https://www.opentable.com/restref/client/?rid=1180861,https://www.nyctourism.com/restaurant-week/palermo-argentinian-bistro/,https://palermonyc.com,failed
palo-santo,Palo Santo,Brooklyn,Park Slope,"652 Union St., Brooklyn, NY, 11215","[""Latin American""]","[""$45""]","[""dinner""]","[""Week 4 (Aug 10 - Aug 16)"", ""Week 5 (Aug 17 - Aug 23)"", ""Week 6 (Aug 24 - Aug 31)"", ""Week 7 (Sept 1 - Sept 6)""]",1,https://nyc-tourism-public.s3.amazonaws.com/srw26/menus/45493-PaloSanto-menu.pdf,,https://www.nyctourism.com/restaurant-week/palo-santo/,https://www.palosantorestaurant.com,full
panda-harlem,Panda Harlem,Manhattan,Harlem,"2331 Twelfth Ave., Manhattan, NY, 10027","[""Chinese"", ""Bars/Cocktails""]","[""$45""]","[""brunch"", ""dinner""]","[""Week 4 (Aug 10 - Aug 16)"", ""Week 5 (Aug 17 - Aug 23)"", ""Week 6 (Aug 24 - Aug 31)"", ""Week 7 (Sept 1 - Sept 6)""]",1,,https://www.opentable.com/restref/client/?rid=1224304,https://www.nyctourism.com/restaurant-week/panda-harlem/,https://www.pandaharlem.com,
pappardella,Pappardella,Manhattan,Upper West Side,"316 Columbus Ave., Manhattan, NY, 10023","[""Italian""]","[""$30"", ""$45""]","[""dinner"", ""lunch""]","[""Week 4 (Aug 10 - Aug 16)"", ""Week 5 (Aug 17 - Aug 23)"", ""Week 6 (Aug 24 - Aug 31)""]",0,https://nyc-tourism-public.s3.amazonaws.com/srw26/menus/44776-Pappardella-menu.pdf,https://www.opentable.com/restref/client/?rid=43045,https://www.nyctourism.com/restaurant-week/pappardella/,https://www.pappardella.com,full
paris-bar,Paris Bar,Manhattan,Midtown West,"120 W. 57th St., Manhattan, NY, 10019","[""French"", ""Bars/Cocktails""]","[""$30"", ""$60""]","[""dinner"", ""lunch""]","[""Week 4 (Aug 10 - Aug 16)"", ""Week 5 (Aug 17 - Aug 23)"", ""Week 6 (Aug 24 - Aug 31)"", ""Week 7 (Sept 1 - Sept 6)""]",1,https://nyc-tourism-public.s3.amazonaws.com/srw26/menus/49343-ParisBar-menu.pdf,https://www.opentable.com/restref/client/?rid=1393621,https://www.nyctourism.com/restaurant-week/paris-bar/,https://www.parisbarnyc.com,partial
park-ave-kitchen-by-david-burke,Park Ave Kitchen by David Burke,Manhattan,Midtown East,"277 Park Ave., Manhattan, NY, 10172","[""American (New)""]","[""$30"", ""$45""]","[""brunch"", ""dinner"", ""lunch""]","[""Week 4 (Aug 10 - Aug 16)"", ""Week 5 (Aug 17 - Aug 23)"", ""Week 6 (Aug 24 - Aug 31)"", ""Week 7 (Sept 1 - Sept 6)""]",1,https://nyc-tourism-public.s3.amazonaws.com/srw26/menus/48556-ParkAveKitchenbyDavidBurke-menu.pdf,https://www.opentable.com/restref/client/?rid=1266931,https://www.nyctourism.com/restaurant-week/park-ave-kitchen-by-david-burke/,https://parkavekitchenbydb.com,full
parklife,Parklife,Brooklyn,Gowanus,"636 Degraw St., Brooklyn, NY, 11217","[""Mexican"", ""Southwestern""]","[""$30""]","[""brunch"", ""dinner""]","[""Week 4 (Aug 10 - Aug 16)"", ""Week 5 (Aug 17 - Aug 23)"", ""Week 6 (Aug 24 - Aug 31)"", ""Week 7 (Sept 1 - Sept 6)""]",1,,https://www.opentable.com/restref/client/?rid=1154464,https://www.nyctourism.com/restaurant-week/parklife/,https://parklifebk.com,
passerine,Passerine,Manhattan,Flatiron District,"36 E. 20th St., Manhattan, NY, 10003","[""Indian""]","[""$60""]","[""dinner""]","[""Week 4 (Aug 10 - Aug 16)"", ""Week 5 (Aug 17 - Aug 23)"", ""Week 6 (Aug 24 - Aug 31)"", ""Week 7 (Sept 1 - Sept 6)""]",0,,,https://www.nyctourism.com/restaurant-week/passerine/,https://www.passerinenyc.com,
pasta-lovers,Pasta Lovers,Manhattan,Times Square/Theatre District,"142 W. 49th St., Manhattan, NY, 10019","[""Italian""]","[""$30"", ""$45""]","[""brunch"", ""dinner"", ""lunch""]","[""Week 4 (Aug 10 - Aug 16)"", ""Week 5 (Aug 17 - Aug 23)"", ""Week 6 (Aug 24 - Aug 31)"", ""Week 7 (Sept 1 - Sept 6)""]",1,,https://www.opentable.com/restref/client/?rid=102103,https://www.nyctourism.com/restaurant-week/pasta-lovers/,http://pastaloversnyc.com,
pastai,Pastai,Manhattan,Chelsea,"186 Ninth Ave., Manhattan, NY, 10011","[""Italian""]","[""$60""]","[""brunch"", ""dinner""]","[""Week 4 (Aug 10 - Aug 16)"", ""Week 5 (Aug 17 - Aug 23)"", ""Week 6 (Aug 24 - Aug 31)"", ""Week 7 (Sept 1 - Sept 6)""]",1,,,https://www.nyctourism.com/restaurant-week/pastai/,https://pastainyc.com,
patsys-italian-restaurant,Patsy's Italian Restaurant,Manhattan,Midtown West,"236 W. 56th St., Manhattan, NY, 10019","[""Italian""]","[""$30"", ""$60""]","[""brunch"", ""dinner"", ""lunch""]","[""Week 4 (Aug 10 - Aug 16)""]",1,,,https://www.nyctourism.com/restaurant-week/patsys-italian-restaurant/,https://www.patsys.com,
pepolino,Pepolino,Manhattan,Tribeca,"281 West Broadway, Manhattan, NY, 10013","[""Italian""]","[""$30"", ""$60""]","[""brunch"", ""dinner"", ""lunch""]","[""Week 4 (Aug 10 - Aug 16)"", ""Week 5 (Aug 17 - Aug 23)"", ""Week 6 (Aug 24 - Aug 31)"", ""Week 7 (Sept 1 - Sept 6)""]",1,https://nyc-tourism-public.s3.amazonaws.com/srw26/menus/48111-Pepolino-menu.pdf,,https://www.nyctourism.com/restaurant-week/pepolino/,https://www.pepolino.com,full
pera-mediterranean-brasserie,Pera Mediterranean Brasserie,Manhattan,Murray Hill,"303 Madison Ave., Manhattan, NY, 10017","[""Mediterranean"", ""Turkish"", ""Greek""]","[""$45"", ""$60""]","[""dinner"", ""lunch""]","[""Week 4 (Aug 10 - Aug 16)""]",0,https://nyc-tourism-public.s3.amazonaws.com/srw26/menus/30118-PeraMediterraneanBrasserie-menu.pdf,https://www.opentable.com/restref/client/?rid=10447,https://www.nyctourism.com/restaurant-week/pera-mediterranean-brasserie/,https://www.peranyc.com,partial
pera-soho,Pera SoHo,Manhattan,Soho,"54 Thompson St., Manhattan, NY, 10012","[""Mediterranean"", ""Middle Eastern""]","[""$30"", ""$45"", ""$60""]","[""brunch"", ""dinner"", ""lunch""]","[""Week 4 (Aug 10 - Aug 16)""]",1,https://nyc-tourism-public.s3.amazonaws.com/srw26/menus/38407-PeraSoHo-menu.pdf,https://www.opentable.com/restref/client/?rid=76933,https://www.nyctourism.com/restaurant-week/pera-soho/,https://www.pera-soho.com,full
perry-street,Perry Street,Manhattan,West Village,"176 Perry St., Manhattan, NY, 10014","[""American (New)""]","[""$60""]","[""dinner""]","[""Week 4 (Aug 10 - Aug 16)"", ""Week 5 (Aug 17 - Aug 23)"", ""Week 6 (Aug 24 - Aug 31)"", ""Week 7 (Sept 1 - Sept 6)""]",1,,https://www.opentable.com/restref/client/?rid=3948,https://www.nyctourism.com/restaurant-week/perry-street/,https://www.perrystrestaurant.com,
petes-tavern,Pete's Tavern,Manhattan,Gramercy,"129 E. 18th St., Manhattan, NY, 10003","[""American (Traditional)"", ""Italian""]","[""$30"", ""$45""]","[""dinner"", ""lunch""]","[""Week 4 (Aug 10 - Aug 16)"", ""Week 5 (Aug 17 - Aug 23)"", ""Week 6 (Aug 24 - Aug 31)"", ""Week 7 (Sept 1 - Sept 6)""]",0,https://nyc-tourism-public.s3.amazonaws.com/srw26/menus/38770-Pete%27sTavern-menu.pdf,,https://www.nyctourism.com/restaurant-week/petes-tavern/,https://www.petestavern.com,full
petite-boucherie,Petite Boucherie,Manhattan,West Village,"14 Christopher St., Manhattan, NY, 10014","[""French""]","[""$45"", ""$60""]","[""dinner"", ""lunch""]","[""Week 4 (Aug 10 - Aug 16)""]",0,https://nyc-tourism-public.s3.amazonaws.com/srw26/menus/40774-PetiteBoucherie-menu.pdf,https://www.opentable.com/restref/client/?rid=157048,https://www.nyctourism.com/restaurant-week/petite-boucherie/,https://www.boucherieus.com/location/boucherie-petite-boucherie-bistro,partial
philippe-chow-fifth-avenue,Philippe Chow Fifth Avenue,Manhattan,Midtown East,"10 E. 52nd St., Manhattan, NY, 10022","[""Chinese""]","[""$45"", ""$60""]","[""dinner"", ""lunch""]","[""Week 4 (Aug 10 - Aug 16)"", ""Week 5 (Aug 17 - Aug 23)"", ""Week 6 (Aug 24 - Aug 31)"", ""Week 7 (Sept 1 - Sept 6)""]",1,https://nyc-tourism-public.s3.amazonaws.com/srw26/menus/51081-PhilippeChowFifthAvenue-menu.pdf,https://www.opentable.com/restref/client/?rid=5698,https://www.nyctourism.com/restaurant-week/philippe-chow-fifth-avenue/,https://www.philippechow.com/Fifth-Avenue,full
philippe-by-philippe-chow-downtown,Philippe by Philippe Chow Downtown,Manhattan,Chelsea,"Dream Downtown, 355 W. 16th St., Manhattan, NY, 10011","[""Chinese""]","[""$45"", ""$60""]","[""dinner""]","[""Week 4 (Aug 10 - Aug 16)"", ""Week 5 (Aug 17 - Aug 23)"", ""Week 6 (Aug 24 - Aug 31)"", ""Week 7 (Sept 1 - Sept 6)""]",1,https://nyc-tourism-public.s3.amazonaws.com/srw26/menus/40967-PhilippebyPhilippeChowDowntown-menu.pdf,https://www.opentable.com/restref/client/?rid=1022116,https://www.nyctourism.com/restaurant-week/philippe-by-philippe-chow-downtown/,https://www.philippechow.com/location/philippe-chow-downtown,full
pico-de-gallo-bar-and-kitchen,Pico De Gallo Bar & Kitchen,Manhattan,Upper West Side,"768 Amsterdam Ave., Manhattan, NY, 10025","[""Mexican""]","[""$60""]","[""dinner""]","[""Week 4 (Aug 10 - Aug 16)""]",0,https://nyc-tourism-public.s3.amazonaws.com/srw26/menus/50225-PicoDeGalloBar%26Kitchen-menu.pdf,https://www.opentable.com/restref/client/?rid=1259050,https://www.nyctourism.com/restaurant-week/pico-de-gallo-bar-and-kitchen/,https://picodegallokitchen.com,full
pinky-swear,Pinky Swear,Manhattan,Lower East Side,"171A Chrystie St., Manhattan, NY, 10002","[""American (New)"", ""Eclectic""]","[""$60""]","[""dinner""]","[""Week 4 (Aug 10 - Aug 16)"", ""Week 5 (Aug 17 - Aug 23)"", ""Week 6 (Aug 24 - Aug 31)"", ""Week 7 (Sept 1 - Sept 6)""]",0,https://nyc-tourism-public.s3.amazonaws.com/srw26/menus/49920-PinkySwear-menu.pdf,,https://www.nyctourism.com/restaurant-week/pinky-swear/,https://www.pinkyswearnyc.com,full
plado-tasting-bar,Plado Tasting Bar,Manhattan,East Village,"192 E. 2nd St., Manhattan, NY, 10009","[""Mediterranean""]","[""$45""]","[""brunch"", ""dinner"", ""lunch""]","[""Week 4 (Aug 10 - Aug 16)"", ""Week 5 (Aug 17 - Aug 23)"", ""Week 6 (Aug 24 - Aug 31)"", ""Week 7 (Sept 1 - Sept 6)""]",1,,https://www.opentable.com/restref/client/?rid=1055296,https://www.nyctourism.com/restaurant-week/plado-tasting-bar/,https://pladohospitality.com,
playa-bettys,Playa Betty's,Manhattan,Upper West Side,"320 Amsterdam Ave., Manhattan, NY, 10023","[""Mexican""]","[""$30""]","[""dinner"", ""lunch""]","[""Week 4 (Aug 10 - Aug 16)"", ""Week 5 (Aug 17 - Aug 23)"", ""Week 6 (Aug 24 - Aug 31)"", ""Week 7 (Sept 1 - Sept 6)""]",1,https://nyc-tourism-public.s3.amazonaws.com/srw26/menus/44423-PlayaBetty%27s-menu.pdf,https://www.opentable.com/restref/client/?rid=191617,https://www.nyctourism.com/restaurant-week/playa-bettys/,https://www.playabettys.com,partial
point-seven,Point Seven,Manhattan,Midtown East,"200 Park Ave., Manhattan, NY, 10017","[""Seafood""]","[""$60""]","[""dinner""]","[""Week 4 (Aug 10 - Aug 16)""]",0,https://nyc-tourism-public.s3.amazonaws.com/srw26/menus/48621-PointSeven-menu.pdf,https://www.opentable.com/restref/client/?rid=1318882,https://www.nyctourism.com/restaurant-week/point-seven/,https://www.pointsevennyc.com,partial
poppy,Poppy,Manhattan,East Village,"505 E. 12th St., Manhattan, NY, 10009","[""American (New)""]","[""$30"", ""$45""]","[""brunch"", ""dinner""]","[""Week 4 (Aug 10 - Aug 16)"", ""Week 5 (Aug 17 - Aug 23)"", ""Week 6 (Aug 24 - Aug 31)"", ""Week 7 (Sept 1 - Sept 6)""]",1,https://nyc-tourism-public.s3.amazonaws.com/srw26/menus/50474-Poppy-menu.pdf,https://www.opentable.com/restref/client/?rid=1400527,https://www.nyctourism.com/restaurant-week/poppy/,https://poppyeastvillage.com,full
prohibition,Prohibition,Manhattan,Upper West Side,"503 Columbus Ave., Manhattan, NY, 10024","[""American (New)""]","[""$45""]","[""dinner""]","[""Week 4 (Aug 10 - Aug 16)"", ""Week 5 (Aug 17 - Aug 23)"", ""Week 6 (Aug 24 - Aug 31)"", ""Week 7 (Sept 1 - Sept 6)""]",1,,,https://www.nyctourism.com/restaurant-week/prohibition/,https://prohibition.net,
psaraki,Psaraki,Brooklyn,Williamsburg,"420 Kent Ave., Brooklyn, NY, 11249","[""Greek""]","[""$45"", ""$60""]","[""brunch"", ""dinner""]","[""Week 4 (Aug 10 - Aug 16)"", ""Week 5 (Aug 17 - Aug 23)"", ""Week 6 (Aug 24 - Aug 31)"", ""Week 7 (Sept 1 - Sept 6)""]",1,https://nyc-tourism-public.s3.amazonaws.com/srw26/menus/49198-Psaraki-menu.pdf,https://www.opentable.com/restref/client/?rid=1377028,https://www.nyctourism.com/restaurant-week/psaraki/,https://www.psaraki.com,failed
pulperia-latin-mediterranean-kitchen,Pulperia Latin Mediterranean Kitchen,Manhattan,Times Square/Theatre District,"338 W. 46th St., Manhattan, NY, 10036","[""Mediterranean"", ""Latin American""]","[""$60""]","[""dinner""]","[""Week 4 (Aug 10 - Aug 16)"", ""Week 5 (Aug 17 - Aug 23)"", ""Week 6 (Aug 24 - Aug 31)"", ""Week 7 (Sept 1 - Sept 6)""]",1,https://nyc-tourism-public.s3.amazonaws.com/srw26/menus/37671-PulperiaLatinMediterraneanKitchen-menu.pdf,https://www.opentable.com/restref/client/?rid=1460650,https://www.nyctourism.com/restaurant-week/pulperia-latin-mediterranean-kitchen/,https://pulperianewyork.com,partial
pylos,Pylos,Manhattan,East Village,"128 E. 7th St., Manhattan, NY, 10009","[""Greek""]","[""$30"", ""$45""]","[""brunch"", ""dinner"", ""lunch""]","[""Week 4 (Aug 10 - Aug 16)"", ""Week 5 (Aug 17 - Aug 23)"", ""Week 6 (Aug 24 - Aug 31)"", ""Week 7 (Sept 1 - Sept 6)""]",1,https://nyc-tourism-public.s3.amazonaws.com/srw26/menus/46610-Pylos-menu.pdf,,https://www.nyctourism.com/restaurant-week/pylos/,https://pylosrestaurant.com,full
qanoon,Qanoon,Manhattan,Chelsea,"180 Ninth Ave., Manhattan, NY, 10011","[""Middle Eastern"", ""Mediterranean""]","[""$60""]","[""brunch"", ""dinner""]","[""Week 4 (Aug 10 - Aug 16)"", ""Week 5 (Aug 17 - Aug 23)"", ""Week 6 (Aug 24 - Aug 31)"", ""Week 7 (Sept 1 - Sept 6)""]",1,,,https://www.nyctourism.com/restaurant-week/qanoon/,https://www.qanoonnyc.com,
quality-bistro,Quality Bistro,Manhattan,Midtown West,"120 W. 55th St., Manhattan, NY, 10019","[""French"", ""Steakhouse"", ""American (New)""]","[""$60""]","[""lunch""]","[""Week 4 (Aug 10 - Aug 16)""]",0,https://nyc-tourism-public.s3.amazonaws.com/srw26/menus/45521-QualityBistro-menu.pdf,https://www.opentable.com/restref/client/?rid=1048807,https://www.nyctourism.com/restaurant-week/quality-bistro/,https://www.qualitybistro.com,full
quality-italian,Quality Italian,Manhattan,Midtown West,"57 W. 57th St. (enter on Sixth Ave.), Manhattan, NY, 10019","[""Italian"", ""Steakhouse""]","[""$60""]","[""lunch""]","[""Week 4 (Aug 10 - Aug 16)""]",0,https://nyc-tourism-public.s3.amazonaws.com/srw26/menus/37879-QualityItalian-menu.pdf,https://www.opentable.com/restref/client/?rid=110224,https://www.nyctourism.com/restaurant-week/quality-italian/,https://www.qualityitalian.com,full
quality-meats,Quality Meats,Manhattan,Midtown West,"57 W. 58th St., Manhattan, NY, 10019","[""Steakhouse"", ""American (New)""]","[""$60""]","[""lunch""]","[""Week 4 (Aug 10 - Aug 16)""]",0,https://nyc-tourism-public.s3.amazonaws.com/srw26/menus/15062-QualityMeats-menu.pdf,https://www.opentable.com/restref/client/?rid=6438,https://www.nyctourism.com/restaurant-week/quality-meats/,https://www.qualitymeatsnyc.com,full
ra-sushi-bar-restaurant-times-square,RA Sushi Bar Restaurant – Times Square,Manhattan,Times Square/Theatre District,"229 W. 43rd St., Manhattan, NY, 10036","[""Japanese / Sushi""]","[""$60""]","[""brunch"", ""dinner"", ""lunch""]","[""Week 4 (Aug 10 - Aug 16)""]",1,https://nyc-tourism-public.s3.amazonaws.com/srw26/menus/46664-RASushiBarRestaurant%E2%80%93TimesSquare-menu.pdf,https://www.opentable.com/restref/client/?rid=144244,https://www.nyctourism.com/restaurant-week/ra-sushi-bar-restaurant-times-square/,https://rasushi.com/locations/times-square-ny,full
radio-restaurant,Radio Restaurant,Manhattan,Washington Heights,"2420 Amsterdam Ave., Manhattan, NY, 10023","[""American (New)"", ""Latin American""]","[""$45""]","[""dinner""]","[""Week 4 (Aug 10 - Aug 16)""]",0,https://nyc-tourism-public.s3.amazonaws.com/srw26/menus/51094-RadioRestaurant-menu.pdf,https://www.opentable.com/restref/client/?rid=1240942,https://www.nyctourism.com/restaurant-week/radio-restaurant/,https://www.radiorestaurant.com,full
rafs,Raf's,Manhattan,Noho,"290 Elizabeth St., Manhattan, NY, 10012","[""Italian"", ""French""]","[""$45""]","[""brunch"", ""lunch""]","[""Week 4 (Aug 10 - Aug 16)"", ""Week 5 (Aug 17 - Aug 23)"", ""Week 6 (Aug 24 - Aug 31)""]",1,https://nyc-tourism-public.s3.amazonaws.com/srw26/menus/48403-Raf%27s-menu.pdf,https://www.opentable.com/restref/client/?rid=1250887,https://www.nyctourism.com/restaurant-week/rafs/,https://www.rafsnewyork.com,partial
ramerino-italian-prime,Ramerino Italian Prime,Manhattan,Midtown East,"16 E. 39th St., Manhattan, NY, 10016","[""Italian""]","[""$60""]","[""dinner""]","[""Week 4 (Aug 10 - Aug 16)""]",1,,https://www.opentable.com/restref/client/?rid=1239697,https://www.nyctourism.com/restaurant-week/ramerino-italian-prime/,https://ramerinoprime.com,
raval-steakhouse,Raval Steakhouse,Staten Island,Tompkinsville,"12 Minthorne St., Staten Island, NY, 10301","[""Steakhouse""]","[""$60""]","[""dinner""]","[""Week 4 (Aug 10 - Aug 16)"", ""Week 5 (Aug 17 - Aug 23)"", ""Week 6 (Aug 24 - Aug 31)"", ""Week 7 (Sept 1 - Sept 6)""]",1,,,https://www.nyctourism.com/restaurant-week/raval-steakhouse/,https://ravalsteakhouse.com,
recette,Recette,Brooklyn,Williamsburg,"103 Havemeyer St., Brooklyn, NY, 11211","[""French""]","[""$30"", ""$60""]","[""dinner"", ""lunch""]","[""Week 4 (Aug 10 - Aug 16)"", ""Week 5 (Aug 17 - Aug 23)"", ""Week 6 (Aug 24 - Aug 31)"", ""Week 7 (Sept 1 - Sept 6)""]",1,,https://www.opentable.com/restref/client/?rid=1216783,https://www.nyctourism.com/restaurant-week/recette/,https://recettebrooklyn.com,
recreation,Recreation,Manhattan,Financial District,"Moxy NYC Downtown, 26 Ann St., 3rd fl., Manhattan, NY, 10038","[""American (New)""]","[""$30""]","[""brunch"", ""lunch""]","[""Week 4 (Aug 10 - Aug 16)""]",1,https://nyc-tourism-public.s3.amazonaws.com/srw26/menus/48984-Recreation-menu.pdf,https://www.opentable.com/restref/client/?rid=1051966,https://www.nyctourism.com/restaurant-week/recreation/,https://www.recreationbar.com,full
red-hook-lobster-pound,Red Hook Lobster Pound,Brooklyn,Red Hook,"284 Van Brunt St., Brooklyn, NY, 11231","[""Seafood""]","[""$30"", ""$45""]","[""dinner"", ""lunch""]","[""Week 4 (Aug 10 - Aug 16)""]",0,https://nyc-tourism-public.s3.amazonaws.com/srw26/menus/44208-RedHookLobsterPound-menu.pdf,,https://www.nyctourism.com/restaurant-week/red-hook-lobster-pound/,https://www.redhooklobster.com/location/red-hook,failed
red-rooster-harlem,Red Rooster Harlem,Manhattan,Harlem,"310 Lenox Ave., Manhattan, NY, 10027","[""Soul Food / Southern""]","[""$30""]","[""lunch""]","[""Week 4 (Aug 10 - Aug 16)""]",0,https://nyc-tourism-public.s3.amazonaws.com/srw26/menus/35797-RedRoosterHarlem-menu.pdf,https://www.opentable.com/restref/client/?rid=48841,https://www.nyctourism.com/restaurant-week/red-rooster-harlem/,https://www.redroosterharlem.com,full
restaurant-nippon,Restaurant Nippon,Manhattan,Midtown East,"155 E. 52nd St., Manhattan, NY, 10022","[""Japanese / Sushi""]","[""$45"", ""$60""]","[""dinner"", ""lunch""]","[""Week 4 (Aug 10 - Aug 16)""]",0,https://nyc-tourism-public.s3.amazonaws.com/srw26/menus/36345-RestaurantNippon-menu.pdf,https://www.opentable.com/restref/client/?rid=45151,https://www.nyctourism.com/restaurant-week/restaurant-nippon/,https://www.restaurantnippon.com,full
rialto-ristorante,Rialto Ristorante,Queens,Astoria,"28-11 Astoria Blvd., Queens, NY, 11102","[""Italian""]","[""$45""]","[""dinner""]","[""Week 4 (Aug 10 - Aug 16)"", ""Week 5 (Aug 17 - Aug 23)"", ""Week 6 (Aug 24 - Aug 31)"", ""Week 7 (Sept 1 - Sept 6)""]",0,,,https://www.nyctourism.com/restaurant-week/rialto-ristorante/,,
ribalta,Ribalta,Manhattan,Greenwich Village,"48 E. 12th St., Manhattan, NY, 10003","[""Italian"", ""Pizza""]","[""$30"", ""$60""]","[""dinner"", ""lunch""]","[""Week 4 (Aug 10 - Aug 16)"", ""Week 5 (Aug 17 - Aug 23)"", ""Week 6 (Aug 24 - Aug 31)"", ""Week 7 (Sept 1 - Sept 6)""]",1,https://nyc-tourism-public.s3.amazonaws.com/srw26/menus/41024-Ribalta-menu.pdf,https://www.opentable.com/restref/client/?rid=1493359,https://www.nyctourism.com/restaurant-week/ribalta/,https://www.ribaltanyc.com,full
rivercrest,Rivercrest,Queens,Astoria,"33-15 Ditmars Blvd., Queens, NY, 11105","[""American (New)""]","[""$30""]","[""dinner""]","[""Week 4 (Aug 10 - Aug 16)"", ""Week 5 (Aug 17 - Aug 23)"", ""Week 6 (Aug 24 - Aug 31)"", ""Week 7 (Sept 1 - Sept 6)""]",1,https://nyc-tourism-public.s3.amazonaws.com/srw26/menus/44219-Rivercrest-menu.pdf,,https://www.nyctourism.com/restaurant-week/rivercrest/,https://www.rivercrestny.com,full
riverpark,Riverpark,Manhattan,Kips Bay,"Alexandria Center, 450 E. 29th St., Manhattan, NY, 10016","[""American (New)""]","[""$60""]","[""dinner""]","[""Week 4 (Aug 10 - Aug 16)""]",0,https://nyc-tourism-public.s3.amazonaws.com/srw26/menus/36117-Riverpark-menu.pdf,,https://www.nyctourism.com/restaurant-week/riverpark/,https://riverparknyc.com,full
robert,Robert,Manhattan,Midtown West,"Museum of Arts and Design, 2 Columbus Circle, 9th fl., Manhattan, NY, 10019","[""American (New)""]","[""$45"", ""$60""]","[""brunch"", ""dinner"", ""lunch""]","[""Week 4 (Aug 10 - Aug 16)"", ""Week 5 (Aug 17 - Aug 23)"", ""Week 6 (Aug 24 - Aug 31)"", ""Week 7 (Sept 1 - Sept 6)""]",1,https://nyc-tourism-public.s3.amazonaws.com/srw26/menus/35447-Robert-menu.pdf,https://www.opentable.com/restref/client/?rid=37249,https://www.nyctourism.com/restaurant-week/robert/,https://robertnyc.com,full
roeys,Roey's,Manhattan,West Village,"1 Perry St., Manhattan, NY, 10014","[""Italian""]","[""$30""]","[""dinner""]","[""Week 4 (Aug 10 - Aug 16)""]",1,https://nyc-tourism-public.s3.amazonaws.com/srw26/menus/45428-Roey%27s-menu.pdf,,https://www.nyctourism.com/restaurant-week/roeys/,https://www.roeysnyc.com,full
rokunana,RokuNana,Manhattan,Lower East Side,"67 Clinton St., Manhattan, NY, 10002","[""Japanese / Sushi"", ""Mexican"", ""Fusion""]","[""$60""]","[""dinner""]","[""Week 4 (Aug 10 - Aug 16)"", ""Week 5 (Aug 17 - Aug 23)"", ""Week 6 (Aug 24 - Aug 31)"", ""Week 7 (Sept 1 - Sept 6)""]",1,https://nyc-tourism-public.s3.amazonaws.com/srw26/menus/50289-RokuNana-menu.pdf,,https://www.nyctourism.com/restaurant-week/rokunana/,https://rokunana.nyc,partial
romeos-italian-restaurant,Romeo's Italian Restaurant,Queens,Jackson Heights,"74-27 37th Ave., Queens, NY, 11372","[""Italian""]","[""$30"", ""$45""]","[""brunch"", ""dinner"", ""lunch""]","[""Week 4 (Aug 10 - Aug 16)"", ""Week 5 (Aug 17 - Aug 23)"", ""Week 6 (Aug 24 - Aug 31)"", ""Week 7 (Sept 1 - Sept 6)""]",1,,https://www.opentable.com/restref/client/?rid=1029109,https://www.nyctourism.com/restaurant-week/romeos-italian-restaurant/,https://romeositalianrestaurant.com,
rosemarys-east,Rosemary's East,Manhattan,Gramercy,"350 First Ave., Manhattan, NY, 10010","[""Italian""]","[""$45""]","[""dinner""]","[""Week 4 (Aug 10 - Aug 16)""]",1,https://nyc-tourism-public.s3.amazonaws.com/srw26/menus/45430-Rosemary%27sEast-menu.pdf,https://www.opentable.com/restref/client/?rid=1186936,https://www.nyctourism.com/restaurant-week/rosemarys-east/,https://www.rosemarysnyc.com/location/rosemarys-east,full
rosemarys-midtown,Rosemary's Midtown,Manhattan,Midtown East,"825 Third Ave., Manhattan, NY, 10022","[""Italian""]","[""$45""]","[""dinner""]","[""Week 4 (Aug 10 - Aug 16)""]",1,https://nyc-tourism-public.s3.amazonaws.com/srw26/menus/49024-Rosemary%27sMidtown-menu.pdf,https://www.opentable.com/restref/client/?rid=1401259,https://www.nyctourism.com/restaurant-week/rosemarys-midtown/,https://www.rosemarysnyc.com/location/rosemarys-midtown,full
rosemarys-west-village,Rosemary's West Village,Manhattan,West Village,"18 Greenwich Ave., Manhattan, NY, 10011","[""Italian""]","[""$45""]","[""dinner""]","[""Week 4 (Aug 10 - Aug 16)""]",1,https://nyc-tourism-public.s3.amazonaws.com/srw26/menus/45429-Rosemary%27sWestVillage-menu.pdf,https://www.opentable.com/restref/client/?rid=150718,https://www.nyctourism.com/restaurant-week/rosemarys-west-village/,https://www.rosemarysnyc.com/location/rosemarys-west-village,full
rosevale-cocktail-room,Rosevale Cocktail Room,Manhattan,Hells Kitchen,"Civilian Hotel, 305 W. 48th St., Manhattan, NY, 10036","[""American (New)""]","[""$60""]","[""dinner""]","[""Week 4 (Aug 10 - Aug 16)""]",0,,https://www.opentable.com/restref/client/?rid=1443148,https://www.nyctourism.com/restaurant-week/rosevale-cocktail-room/,https://rosevalenyc.com/cocktail-room,
rossinis-restaurant,Rossini's,Manhattan,Murray Hill,"108 E. 38th St., Manhattan, NY, 10016","[""Italian""]","[""$30"", ""$60""]","[""dinner"", ""lunch""]","[""Week 4 (Aug 10 - Aug 16)"", ""Week 5 (Aug 17 - Aug 23)"", ""Week 6 (Aug 24 - Aug 31)"", ""Week 7 (Sept 1 - Sept 6)""]",1,https://nyc-tourism-public.s3.amazonaws.com/srw26/menus/12071-Rossini%27s-menu.pdf,https://www.opentable.com/restref/client/?rid=63403,https://www.nyctourism.com/restaurant-week/rossinis-restaurant/,https://www.rossinisrestaurant.com,partial
royal-35-steakhouse,Royal 35 Steakhouse,Manhattan,Murray Hill,"1 E. 35th St., Manhattan, NY, 10016","[""Steakhouse""]","[""$45"", ""$60""]","[""dinner"", ""lunch""]","[""Week 4 (Aug 10 - Aug 16)"", ""Week 5 (Aug 17 - Aug 23)"", ""Week 6 (Aug 24 - Aug 31)"", ""Week 7 (Sept 1 - Sept 6)""]",1,https://nyc-tourism-public.s3.amazonaws.com/srw26/menus/39827-Royal35Steakhouse-menu.pdf,https://www.opentable.com/restref/client/?rid=348502,https://www.nyctourism.com/restaurant-week/royal-35-steakhouse/,https://royal35steakhouse.com,partial
rynn-thai-restaurant-and-bar,Rynn Thai Restaurant & Bar,Manhattan,East Village,"309 E. Fifth St., Manhattan, NY, 10003","[""Thai"", ""Bars/Cocktails""]","[""$30"", ""$45""]","[""brunch"", ""dinner"", ""lunch""]","[""Week 4 (Aug 10 - Aug 16)"", ""Week 5 (Aug 17 - Aug 23)"", ""Week 6 (Aug 24 - Aug 31)"", ""Week 7 (Sept 1 - Sept 6)""]",1,https://nyc-tourism-public.s3.amazonaws.com/srw26/menus/49361-RynnThaiRestaurant%26Bar-menu.pdf,,https://www.nyctourism.com/restaurant-week/rynn-thai-restaurant-and-bar/,https://www.rynnnyc.com,full
stk-chelsea,STK Chelsea,Manhattan,Chelsea,"412 W. 15th St., Manhattan, NY, 10011","[""Steakhouse""]","[""$60""]","[""dinner""]","[""Week 4 (Aug 10 - Aug 16)""]",1,https://nyc-tourism-public.s3.amazonaws.com/srw26/menus/51390-STKChelsea-menu.pdf,https://www.opentable.com/restref/client/?rid=7098,https://www.nyctourism.com/restaurant-week/stk-chelsea/,https://stksteakhouse.com/en-gb/location/nyc-chelsea,full
stk-midtown,STK Midtown,Manhattan,Midtown West,"1114 Sixth Ave., Manhattan, NY, 10036","[""Steakhouse""]","[""$45"", ""$60""]","[""brunch"", ""dinner"", ""lunch""]","[""Week 4 (Aug 10 - Aug 16)""]",1,,https://www.opentable.com/restref/client/?rid=65347,https://www.nyctourism.com/restaurant-week/stk-midtown/,https://stksteakhouse.com/venues/nyc-midtown,
saar,Saar,Manhattan,Times Square/Theatre District,"241 W. 51st St., Manhattan, NY, 10019","[""Indian"", ""Vegetarian""]","[""$45"", ""$60""]","[""brunch"", ""dinner"", ""lunch""]","[""Week 4 (Aug 10 - Aug 16)"", ""Week 5 (Aug 17 - Aug 23)"", ""Week 6 (Aug 24 - Aug 31)"", ""Week 7 (Sept 1 - Sept 6)""]",1,https://nyc-tourism-public.s3.amazonaws.com/srw26/menus/44885-Saar-menu.pdf,https://www.opentable.com/restref/client/?rid=1014550,https://www.nyctourism.com/restaurant-week/saar/,https://www.saarnyc.com,partial
sabai-thai-restaurant,Sabai Thai,Manhattan,Nomad,"432 Park Ave. South, Manhattan, NY, 10016","[""Thai""]","[""$45""]","[""dinner""]","[""Week 4 (Aug 10 - Aug 16)""]",1,,https://www.opentable.com/restref/client/?rid=1009492,https://www.nyctourism.com/restaurant-week/sabai-thai-restaurant/,https://www.sabaithai.nyc,
sadies,Sadie's,Manhattan,The Seaport,"19 Fulton St., Manhattan, NY, 10038","[""American (New)""]","[""$45""]","[""dinner""]","[""Week 4 (Aug 10 - Aug 16)""]",1,https://nyc-tourism-public.s3.amazonaws.com/srw26/menus/51307-Sadie%27s-menu.pdf,,https://www.nyctourism.com/restaurant-week/sadies/,https://www.sadies.nyc,full
sagaponack,Sagaponack,Manhattan,Flatiron District,"4 W. 22nd St., Manhattan, NY, 10010","[""Seafood""]","[""$45""]","[""dinner""]","[""Week 4 (Aug 10 - Aug 16)"", ""Week 5 (Aug 17 - Aug 23)"", ""Week 6 (Aug 24 - Aug 31)"", ""Week 7 (Sept 1 - Sept 6)""]",0,https://nyc-tourism-public.s3.amazonaws.com/srw26/menus/47782-Sagaponack-menu.pdf,,https://www.nyctourism.com/restaurant-week/sagaponack/,https://www.saganewyork.com,failed
saitong-thai,SaiTong Thai,Manhattan,Times Square/Theatre District,"244 W. 48th St., Manhattan, NY, 10036","[""Thai""]","[""$45""]","[""brunch"", ""dinner""]","[""Week 4 (Aug 10 - Aug 16)""]",1,https://nyc-tourism-public.s3.amazonaws.com/srw26/menus/50281-SaiTongThai-menu.pdf,,https://www.nyctourism.com/restaurant-week/saitong-thai/,https://www.saitongthai.com,failed
sake-no-hana,Sake No Hana,Manhattan,Lower East Side,"Moxy NYC Lower East Side, 145 Bowery, Manhattan, NY, 10002","[""Japanese / Sushi""]","[""$60""]","[""dinner""]","[""Week 4 (Aug 10 - Aug 16)"", ""Week 5 (Aug 17 - Aug 23)"", ""Week 6 (Aug 24 - Aug 31)""]",1,https://nyc-tourism-public.s3.amazonaws.com/srw26/menus/47937-SakeNoHana-menu.pdf,https://www.opentable.com/restref/client/?rid=1255435,https://www.nyctourism.com/restaurant-week/sake-no-hana/,https://taogroup.com/venues/sake-no-hana-new-york,full
salt-charcoal,Salt + Charcoal,Brooklyn,Williamsburg,"171 Grand St., Brooklyn, NY, 11249","[""Steakhouse"", ""Japanese / Sushi""]","[""$60""]","[""dinner""]","[""Week 4 (Aug 10 - Aug 16)""]",0,https://nyc-tourism-public.s3.amazonaws.com/srw26/menus/47900-Salt%2BCharcoal-menu.pdf,,https://www.nyctourism.com/restaurant-week/salt-charcoal/,https://www.saltandcharcoal.com,full
san-carlo-osteria-piemonte,San Carlo,Manhattan,Soho,"90 Thompson St., Manhattan, NY, 10012","[""Italian""]","[""$30"", ""$60""]","[""brunch"", ""dinner"", ""lunch""]","[""Week 4 (Aug 10 - Aug 16)"", ""Week 5 (Aug 17 - Aug 23)"", ""Week 6 (Aug 24 - Aug 31)"", ""Week 7 (Sept 1 - Sept 6)""]",1,https://nyc-tourism-public.s3.amazonaws.com/srw26/menus/40258-SanCarloOsteriaPiemonte-menu.pdf,https://www.opentable.com/restref/client/?rid=212347,https://www.nyctourism.com/restaurant-week/san-carlo-osteria-piemonte/,https://www.sancarlonyc.com,partial
san-pietro-ristorante,San Pietro Ristorante,Manhattan,Midtown East,"18 E. 54th St., Manhattan, NY, 10022","[""Italian""]","[""$45"", ""$60""]","[""brunch"", ""dinner"", ""lunch""]","[""Week 4 (Aug 10 - Aug 16)"", ""Week 5 (Aug 17 - Aug 23)"", ""Week 6 (Aug 24 - Aug 31)"", ""Week 7 (Sept 1 - Sept 6)""]",1,https://nyc-tourism-public.s3.amazonaws.com/srw26/menus/17487-SanPietroRistorante-menu.pdf,https://www.opentable.com/restref/client/?rid=220372,https://www.nyctourism.com/restaurant-week/san-pietro-ristorante/,https://www.sanpietroristorantenyc.com,full
sant-ambroeus-brookfield,Sant Ambroeus—Brookfield,Manhattan,Battery Park City,"200 Vesey St., Manhattan, NY, 10281","[""Italian""]","[""$45"", ""$60""]","[""brunch"", ""dinner"", ""lunch""]","[""Week 4 (Aug 10 - Aug 16)""]",1,https://nyc-tourism-public.s3.amazonaws.com/srw26/menus/44324-SantAmbroeusBrookfield-menu.pdf,,https://www.nyctourism.com/restaurant-week/sant-ambroeus-brookfield/,https://www.santambroeus.com/pages/location-brookfield-place,full
scarpetta,Scarpetta,Manhattan,Nomad,"The James New YorkâNoMad, 88 Madison Ave., Manhattan, NY, 10016","[""Italian""]","[""$45"", ""$60""]","[""dinner"", ""lunch""]","[""Week 4 (Aug 10 - Aug 16)""]",1,,,https://www.nyctourism.com/restaurant-week/scarpetta/,https://www.scarpettarestaurants.com/location/scarpetta-new-york-city,
seahorse,Seahorse,Manhattan,Union Square,"W New York Union Square,  201 Park Ave. South, Manhattan, NY, 10003","[""Seafood""]","[""$45"", ""$60""]","[""brunch"", ""dinner"", ""lunch""]","[""Week 4 (Aug 10 - Aug 16)"", ""Week 5 (Aug 17 - Aug 23)"", ""Week 6 (Aug 24 - Aug 31)"", ""Week 7 (Sept 1 - Sept 6)""]",1,https://nyc-tourism-public.s3.amazonaws.com/srw26/menus/50892-Seahorse-menu.pdf,https://www.opentable.com/restref/client/?rid=1348330,https://www.nyctourism.com/restaurant-week/seahorse/,https://www.seahorsenyc.com,full
sei-less,Sei Less,Manhattan,Garment District,"156 W. 38th St., Manhattan, NY, 10018","[""Chinese"", ""Asian Fusion""]","[""$30"", ""$45""]","[""dinner"", ""lunch""]","[""Week 4 (Aug 10 - Aug 16)"", ""Week 5 (Aug 17 - Aug 23)"", ""Week 6 (Aug 24 - Aug 31)"", ""Week 7 (Sept 1 - Sept 6)""]",1,,https://www.opentable.com/restref/client/?rid=1224220,https://www.nyctourism.com/restaurant-week/sei-less/,https://www.seiless.com,
sempre-oggi,Sempre Oggi,Manhattan,Upper West Side,"164 W. 75th St., Manhattan, NY, 10023","[""Italian""]","[""$45""]","[""dinner""]","[""Week 4 (Aug 10 - Aug 16)""]",1,https://nyc-tourism-public.s3.amazonaws.com/srw26/menus/48987-SempreOggi-menu.pdf,https://www.opentable.com/restref/client/?rid=1328710,https://www.nyctourism.com/restaurant-week/sempre-oggi/,https://www.semprenyc.com,full
sereneco,Sereneco,Brooklyn,Greenpoint,"113 Franklin St., Brooklyn, NY, 11222","[""American (New)""]","[""$45""]","[""dinner""]","[""Week 4 (Aug 10 - Aug 16)"", ""Week 5 (Aug 17 - Aug 23)"", ""Week 6 (Aug 24 - Aug 31)"", ""Week 7 (Sept 1 - Sept 6)""]",1,https://nyc-tourism-public.s3.amazonaws.com/srw26/menus/45838-Sereneco-menu.pdf,https://www.opentable.com/restref/client/?rid=1208164,https://www.nyctourism.com/restaurant-week/sereneco/,https://www.sereneconyc.com,partial
shan,Shan,Brooklyn,Boerum Hill,"191 Smith St., Brooklyn, NY, 11201","[""Chinese""]","[""$60""]","[""dinner""]","[""Week 4 (Aug 10 - Aug 16)"", ""Week 5 (Aug 17 - Aug 23)"", ""Week 6 (Aug 24 - Aug 31)"", ""Week 7 (Sept 1 - Sept 6)""]",1,https://nyc-tourism-public.s3.amazonaws.com/srw26/menus/48338-Shan-menu.pdf,,https://www.nyctourism.com/restaurant-week/shan/,https://shannyc.com,partial
shogun-omakase,Shogun Omakase,Manhattan,Murray Hill,"295 Madison Ave., Manhattan, NY, 10017","[""Japanese / Sushi""]","[""$60""]","[""brunch"", ""dinner"", ""lunch""]","[""Week 4 (Aug 10 - Aug 16)"", ""Week 5 (Aug 17 - Aug 23)"", ""Week 6 (Aug 24 - Aug 31)"", ""Week 7 (Sept 1 - Sept 6)""]",1,https://nyc-tourism-public.s3.amazonaws.com/srw26/menus/50499-ShogunOmakase-menu.pdf,,https://www.nyctourism.com/restaurant-week/shogun-omakase/,https://www.shogunomakase.com,partial
sicily-osteria,Sicily Osteria,Manhattan,Times Square/Theatre District,"330 W. 46th St., Manhattan, NY, 10036","[""Italian""]","[""$30"", ""$45""]","[""brunch"", ""dinner"", ""lunch""]","[""Week 4 (Aug 10 - Aug 16)"", ""Week 5 (Aug 17 - Aug 23)"", ""Week 6 (Aug 24 - Aug 31)"", ""Week 7 (Sept 1 - Sept 6)""]",1,https://nyc-tourism-public.s3.amazonaws.com/srw26/menus/46336-SicilyOsteria-menu.pdf,https://www.opentable.com/restref/client/?rid=1214629,https://www.nyctourism.com/restaurant-week/sicily-osteria/,https://www.sicilynyc.com,full
siren-oyster-bar-and-restaurant,Siren Oyster Bar & Restaurant,Brooklyn,South Slope,"687 Fifth Ave., Brooklyn, NY, 11215","[""Seafood""]","[""$60""]","[""dinner""]","[""Week 4 (Aug 10 - Aug 16)"", ""Week 5 (Aug 17 - Aug 23)"", ""Week 6 (Aug 24 - Aug 31)"", ""Week 7 (Sept 1 - Sept 6)""]",1,,https://www.opentable.com/restref/client/?rid=1329493,https://www.nyctourism.com/restaurant-week/siren-oyster-bar-and-restaurant/,https://www.sirenbk.com,
sistina,Sistina,Manhattan,Upper East Side,"24 E. 81st St., Manhattan, NY, 10028","[""Italian""]","[""$45""]","[""dinner"", ""lunch""]","[""Week 4 (Aug 10 - Aug 16)"", ""Week 5 (Aug 17 - Aug 23)"", ""Week 6 (Aug 24 - Aug 31)"", ""Week 7 (Sept 1 - Sept 6)""]",0,,https://www.opentable.com/restref/client/?rid=96577,https://www.nyctourism.com/restaurant-week/sistina/,https://www.sistinany.com,
skinnys-cantina,Skinny's Cantina,Queens,Long Island City,"4705 Center Blvd., Queens, NY, 11109","[""Mexican""]","[""$30"", ""$45""]","[""dinner"", ""lunch""]","[""Week 4 (Aug 10 - Aug 16)"", ""Week 5 (Aug 17 - Aug 23)"", ""Week 6 (Aug 24 - Aug 31)"", ""Week 7 (Sept 1 - Sept 6)""]",1,https://nyc-tourism-public.s3.amazonaws.com/srw26/menus/46462-Skinny%27sCantina-menu.pdf,,https://www.nyctourism.com/restaurant-week/skinnys-cantina/,https://www.skinnyscantina.com,full
skinos,Skinos,Manhattan,Lower Manhattan,"123 Washington St., Manhattan, NY, 10006","[""Mediterranean"", ""Greek""]","[""$30"", ""$45""]","[""brunch"", ""lunch""]","[""Week 4 (Aug 10 - Aug 16)"", ""Week 5 (Aug 17 - Aug 23)"", ""Week 6 (Aug 24 - Aug 31)"", ""Week 7 (Sept 1 - Sept 6)""]",1,,https://www.opentable.com/restref/client/?rid=1248067,https://www.nyctourism.com/restaurant-week/skinos/,https://skinos123.com,
skewr,Skëwr,Manhattan,Nomad,"127 E. 27th St., Manhattan, NY, 10016","[""Mediterranean""]","[""$45""]","[""dinner""]","[""Week 4 (Aug 10 - Aug 16)"", ""Week 5 (Aug 17 - Aug 23)"", ""Week 6 (Aug 24 - Aug 31)"", ""Week 7 (Sept 1 - Sept 6)""]",0,https://nyc-tourism-public.s3.amazonaws.com/srw26/menus/51361-Skewr-menu.pdf,,https://www.nyctourism.com/restaurant-week/skewr/,https://www.skewr.nyc,failed
smith-wollensky,Smith & Wollensky,Manhattan,Midtown East,"797 Third Ave., Manhattan, NY, 10022","[""Steakhouse""]","[""$60""]","[""lunch""]","[""Week 4 (Aug 10 - Aug 16)""]",0,https://nyc-tourism-public.s3.amazonaws.com/srw26/menus/12201-Smith%26Wollensky-menu.pdf,https://www.opentable.com/restref/client/?rid=6648,https://www.nyctourism.com/restaurant-week/smith-wollensky/,https://www.smithandwollenskynyc.com,full
smyth-tavern,Smyth Tavern,Manhattan,Tribeca,"Smyth Tribeca, 85 West Broadway, Manhattan, NY, 10007","[""American (Traditional)""]","[""$30"", ""$45"", ""$60""]","[""brunch"", ""dinner"", ""lunch""]","[""Week 4 (Aug 10 - Aug 16)"", ""Week 5 (Aug 17 - Aug 23)"", ""Week 6 (Aug 24 - Aug 31)"", ""Week 7 (Sept 1 - Sept 6)""]",1,https://nyc-tourism-public.s3.amazonaws.com/srw26/menus/46693-SmythTavern-menu.pdf,https://www.opentable.com/restref/client/?rid=1260085,https://www.nyctourism.com/restaurant-week/smyth-tavern/,https://www.smythtavern.com,partial
so-and-sos,So & So's,Manhattan,Hells Kitchen,"Romer Hell's Kitchen, 302 W. 52nd St., Manhattan, NY, 10019","[""American (New)"", ""Eclectic""]","[""$60""]","[""dinner""]","[""Week 4 (Aug 10 - Aug 16)"", ""Week 5 (Aug 17 - Aug 23)"", ""Week 6 (Aug 24 - Aug 31)"", ""Week 7 (Sept 1 - Sept 6)""]",0,https://nyc-tourism-public.s3.amazonaws.com/srw26/menus/49254-So%26So%27s-menu.pdf,,https://www.nyctourism.com/restaurant-week/so-and-sos/,https://www.soandsosbar.com,partial
sozo-sip-bar-omakase,SoZo Sip Bar + Omakase,Manhattan,East Village,"319 Bowery, Manhattan, NY, 10003","[""Japanese / Sushi""]","[""$60""]","[""brunch"", ""dinner""]","[""Week 4 (Aug 10 - Aug 16)"", ""Week 5 (Aug 17 - Aug 23)"", ""Week 6 (Aug 24 - Aug 31)"", ""Week 7 (Sept 1 - Sept 6)""]",1,https://nyc-tourism-public.s3.amazonaws.com/srw26/menus/51123-SoZoSipBar%2BOmakase-menu.pdf,,https://www.nyctourism.com/restaurant-week/sozo-sip-bar-omakase/,https://www.sozo-nyc.com,partial
socarrat-paella-bar-chelsea,Socarrat Paella Bar - Chelsea,Manhattan,Chelsea,"259 W. 19th St., Manhattan, NY, 10011","[""Spanish""]","[""$45""]","[""dinner""]","[""Week 4 (Aug 10 - Aug 16)""]",1,https://nyc-tourism-public.s3.amazonaws.com/srw26/menus/38284-SocarratPaellaBar-Chelsea-menu.pdf,https://www.opentable.com/restref/client/?rid=60874,https://www.nyctourism.com/restaurant-week/socarrat-paella-bar-chelsea/,https://socarratnyc.com/chelsea,full
socarrat-paella-bar-midtown-east,Socarrat Paella Bar - Midtown East,Manhattan,Midtown East,"953 Second Ave., Manhattan, NY, 10022","[""Spanish""]","[""$30"", ""$45""]","[""dinner"", ""lunch""]","[""Week 4 (Aug 10 - Aug 16)""]",1,https://nyc-tourism-public.s3.amazonaws.com/srw26/menus/38285-SocarratPaellaBar-MidtownEast-menu.pdf,https://www.opentable.com/restref/client/?rid=96670,https://www.nyctourism.com/restaurant-week/socarrat-paella-bar-midtown-east/,https://socarratnyc.com/midtown-east,full
socarrat-paella-bar-nolita,Socarrat Paella Bar - Nolita,Manhattan,Nolita,"284 Mulberry St., Manhattan, NY, 10012","[""Spanish""]","[""$45""]","[""dinner""]","[""Week 4 (Aug 10 - Aug 16)""]",1,https://nyc-tourism-public.s3.amazonaws.com/srw26/menus/36363-SocarratPaellaBar-Nolita-menu.pdf,https://www.opentable.com/restref/client/?rid=58891,https://www.nyctourism.com/restaurant-week/socarrat-paella-bar-nolita/,https://socarratnyc.com/nolita,full
society-cafe,Society Cafe,Manhattan,Greenwich Village,"Walker Hotel Greenwich Village, 52 W. 13th St., Manhattan, NY, 10011","[""American (New)""]","[""$60""]","[""dinner""]","[""Week 4 (Aug 10 - Aug 16)""]",1,https://nyc-tourism-public.s3.amazonaws.com/srw26/menus/37901-SocietyCafe-menu.pdf,https://www.opentable.com/restref/client/?rid=101131,https://www.nyctourism.com/restaurant-week/society-cafe/,https://www.societycafenyc.com,full
sofrito-on-the-hudson,Sofrito on the Hudson,Manhattan,Hamilton Heights,"Riverbank State Park, 679 Riverside Dr. (enter at 145th St.), Manhattan, NY, 10031","[""Puerto Rican""]","[""$45""]","[""dinner""]","[""Week 4 (Aug 10 - Aug 16)""]",0,,https://www.opentable.com/restref/client/?rid=82576,https://www.nyctourism.com/restaurant-week/sofrito-on-the-hudson/,https://sofritony.com,
soogil,Soogil,Manhattan,East Village,"108 E. 4th St., Manhattan, NY, 10003","[""Korean""]","[""$60""]","[""dinner""]","[""Week 4 (Aug 10 - Aug 16)"", ""Week 5 (Aug 17 - Aug 23)"", ""Week 6 (Aug 24 - Aug 31)"", ""Week 7 (Sept 1 - Sept 6)""]",1,,,https://www.nyctourism.com/restaurant-week/soogil/,https://www.soogil.com,
sotto-la-luna,Sotto la Luna,Queens,Astoria,"34-39 31st St., Queens, NY, 11106","[""Italian"", ""Pizza""]","[""$30"", ""$45""]","[""brunch"", ""dinner"", ""lunch""]","[""Week 4 (Aug 10 - Aug 16)"", ""Week 5 (Aug 17 - Aug 23)"", ""Week 6 (Aug 24 - Aug 31)"", ""Week 7 (Sept 1 - Sept 6)""]",1,https://nyc-tourism-public.s3.amazonaws.com/srw26/menus/49755-SottolaLuna-menu.pdf,,https://www.nyctourism.com/restaurant-week/sotto-la-luna/,https://www.sottolalunanyc.com,partial
steak-frites-bistro,Steak Frites Bistro,Manhattan,Garment District,"496 Ninth Ave., Manhattan, NY, 10018","[""French""]","[""$45"", ""$60""]","[""brunch"", ""dinner"", ""lunch""]","[""Week 4 (Aug 10 - Aug 16)"", ""Week 5 (Aug 17 - Aug 23)"", ""Week 6 (Aug 24 - Aug 31)"", ""Week 7 (Sept 1 - Sept 6)""]",1,https://nyc-tourism-public.s3.amazonaws.com/srw26/menus/47957-SteakFritesBistro-menu.pdf,,https://www.nyctourism.com/restaurant-week/steak-frites-bistro/,https://www.steakfritesbistro.com,partial
stella-34-trattoria,Stella 34 Trattoria,Manhattan,Herald Square,"Macy's Herald Square, 151 W. 34th St., 6th fl., Manhattan, NY, 10001","[""Italian""]","[""$45"", ""$60""]","[""brunch"", ""dinner"", ""lunch""]","[""Week 4 (Aug 10 - Aug 16)""]",1,https://nyc-tourism-public.s3.amazonaws.com/srw26/menus/37733-Stella34Trattoria-menu.pdf,https://www.opentable.com/restref/client/?rid=102115,https://www.nyctourism.com/restaurant-week/stella-34-trattoria/,https://www.stella34.com,full
stout-nyc-bryant-park,Stout NYC Bryant Park,Manhattan,Garment District,"109 W. 39th St., Manhattan, NY, 10018","[""American (Traditional)"", ""Irish""]","[""$30""]","[""lunch""]","[""Week 4 (Aug 10 - Aug 16)"", ""Week 5 (Aug 17 - Aug 23)"", ""Week 6 (Aug 24 - Aug 31)"", ""Week 7 (Sept 1 - Sept 6)""]",0,,,https://www.nyctourism.com/restaurant-week/stout-nyc-bryant-park/,https://www.stoutnyc.com/location/stout-nyc-bryant-park,
stout-nyc-financial-district,Stout NYC Financial District,Manhattan,Lower Manhattan,"90 John St., Manhattan, NY, 10038","[""American (Traditional)"", ""Irish""]","[""$30""]","[""lunch""]","[""Week 4 (Aug 10 - Aug 16)"", ""Week 5 (Aug 17 - Aug 23)"", ""Week 6 (Aug 24 - Aug 31)"", ""Week 7 (Sept 1 - Sept 6)""]",0,,,https://www.nyctourism.com/restaurant-week/stout-nyc-financial-district/,https://www.stoutnyc.com/location/stout-nyc-financial-district,
stout-nyc-grand-central,Stout NYC Grand Central,Manhattan,Murray Hill,"60 E. 41st St., Manhattan, NY, 10017","[""American (Traditional)"", ""Irish""]","[""$30""]","[""lunch""]","[""Week 4 (Aug 10 - Aug 16)"", ""Week 5 (Aug 17 - Aug 23)"", ""Week 6 (Aug 24 - Aug 31)"", ""Week 7 (Sept 1 - Sept 6)""]",0,,,https://www.nyctourism.com/restaurant-week/stout-nyc-grand-central/,https://www.stoutnyc.com/location/stout-nyc-grand-central,
stout-nyc-penn-station,Stout NYC Penn Station,Manhattan,Herald Square,"215 W. 35th St., Manhattan, NY, 10001","[""American (Traditional)"", ""Irish""]","[""$30""]","[""lunch""]","[""Week 4 (Aug 10 - Aug 16)"", ""Week 5 (Aug 17 - Aug 23)"", ""Week 6 (Aug 24 - Aug 31)"", ""Week 7 (Sept 1 - Sept 6)""]",0,,,https://www.nyctourism.com/restaurant-week/stout-nyc-penn-station/,https://www.stoutnyc.com/location/stout-nyc-penn-station,
strange-delight,Strange Delight,Brooklyn,Fort Greene,"63 Lafayette Ave., Brooklyn, NY, 11217","[""Seafood""]","[""$60""]","[""dinner""]","[""Week 4 (Aug 10 - Aug 16)"", ""Week 5 (Aug 17 - Aug 23)"", ""Week 6 (Aug 24 - Aug 31)"", ""Week 7 (Sept 1 - Sept 6)""]",1,https://nyc-tourism-public.s3.amazonaws.com/srw26/menus/51363-StrangeDelight-menu.pdf,,https://www.nyctourism.com/restaurant-week/strange-delight/,https://www.strangedelight.nyc,failed
strip-house-downtown,Strip House Downtown,Manhattan,Greenwich Village,"13 E. 12th St., Manhattan, NY, 10003","[""Steakhouse""]","[""$60""]","[""dinner""]","[""Week 4 (Aug 10 - Aug 16)"", ""Week 5 (Aug 17 - Aug 23)"", ""Week 6 (Aug 24 - Aug 31)"", ""Week 7 (Sept 1 - Sept 6)""]",1,https://nyc-tourism-public.s3.amazonaws.com/srw26/menus/18274-StripHouseDowntown-menu.pdf,https://www.opentable.com/restref/client/?rid=3181,https://www.nyctourism.com/restaurant-week/strip-house-downtown/,https://www.striphouse.com/location/striphouse-downtown,partial
strip-house-midtown,Strip House Midtown,Manhattan,Midtown West,"15 W. 44th St., Manhattan, NY, 10036","[""Steakhouse"", ""American (Traditional)""]","[""$60""]","[""dinner"", ""lunch""]","[""Week 4 (Aug 10 - Aug 16)"", ""Week 5 (Aug 17 - Aug 23)"", ""Week 6 (Aug 24 - Aug 31)"", ""Week 7 (Sept 1 - Sept 6)""]",1,https://nyc-tourism-public.s3.amazonaws.com/srw26/menus/37491-StripHouseMidtown-menu.pdf,https://www.opentable.com/restref/client/?rid=97504,https://www.nyctourism.com/restaurant-week/strip-house-midtown/,https://www.striphouse.com/location/striphouse-midtown,partial
sungold,Sungold,Brooklyn,Williamsburg,"Arlo Williamsburg, 96 Wythe Ave., Brooklyn, NY, 11249","[""American (New)"", ""Italian""]","[""$30"", ""$45""]","[""brunch"", ""dinner"", ""lunch""]","[""Week 4 (Aug 10 - Aug 16)"", ""Week 5 (Aug 17 - Aug 23)"", ""Week 6 (Aug 24 - Aug 31)"", ""Week 7 (Sept 1 - Sept 6)""]",1,,https://www.opentable.com/restref/client/?rid=987481,https://www.nyctourism.com/restaurant-week/sungold/,https://www.sungoldbk.com,
suprema-provisions,Suprema Provisions,Manhattan,West Village,"305 Bleecker St., Manhattan, NY, 10014","[""Italian""]","[""$30"", ""$45""]","[""brunch"", ""dinner""]","[""Week 4 (Aug 10 - Aug 16)"", ""Week 5 (Aug 17 - Aug 23)"", ""Week 6 (Aug 24 - Aug 31)"", ""Week 7 (Sept 1 - Sept 6)""]",1,https://nyc-tourism-public.s3.amazonaws.com/srw26/menus/46205-SupremaProvisions-menu.pdf,,https://www.nyctourism.com/restaurant-week/suprema-provisions/,https://www.supremanyc.com,partial
sushi-ann,Sushi Ann,Manhattan,Midtown East,"38 E. 51st St., Manhattan, NY, 10022","[""Japanese / Sushi""]","[""$45"", ""$60""]","[""dinner"", ""lunch""]","[""Week 4 (Aug 10 - Aug 16)"", ""Week 5 (Aug 17 - Aug 23)"", ""Week 6 (Aug 24 - Aug 31)"", ""Week 7 (Sept 1 - Sept 6)""]",0,https://nyc-tourism-public.s3.amazonaws.com/srw26/menus/49308-SushiAnn-menu.pdf,,https://www.nyctourism.com/restaurant-week/sushi-ann/,https://www.sushiann.net,partial
sushi-lab-rooftop-nyc,Sushi Lab Rooftop,Manhattan,Times Square/Theatre District,"Sanctuary Hotel New York, 130 W. 47th St., Manhattan, NY, 10036","[""Japanese / Sushi""]","[""$30"", ""$60""]","[""dinner"", ""lunch""]","[""Week 4 (Aug 10 - Aug 16)"", ""Week 5 (Aug 17 - Aug 23)"", ""Week 6 (Aug 24 - Aug 31)"", ""Week 7 (Sept 1 - Sept 6)""]",1,https://nyc-tourism-public.s3.amazonaws.com/srw26/menus/42593-SushiLabRooftopNYC-menu.pdf,,https://www.nyctourism.com/restaurant-week/sushi-lab-rooftop-nyc/,https://www.sushilab.com/sushi-lab,failed
sushi-sen-nin,Sushi Sen-Nin,Manhattan,Murray Hill,"30 E. 33rd St., Manhattan, NY, 10016","[""Japanese / Sushi""]","[""$60""]","[""dinner""]","[""Week 4 (Aug 10 - Aug 16)"", ""Week 5 (Aug 17 - Aug 23)"", ""Week 6 (Aug 24 - Aug 31)"", ""Week 7 (Sept 1 - Sept 6)""]",0,https://nyc-tourism-public.s3.amazonaws.com/srw26/menus/17730-SushiSen-Nin-menu.pdf,,https://www.nyctourism.com/restaurant-week/sushi-sen-nin/,https://www.sushisennin.com,full
sushi-of-gari-46,Sushi of Gari 46,Manhattan,Times Square/Theatre District,"347 W. 46th St., Manhattan, NY, 10036","[""Japanese / Sushi""]","[""$60""]","[""brunch"", ""dinner"", ""lunch""]","[""Week 4 (Aug 10 - Aug 16)""]",1,https://nyc-tourism-public.s3.amazonaws.com/srw26/menus/49732-SushiofGari46-menu.pdf,https://www.opentable.com/restref/client/?rid=17965,https://www.nyctourism.com/restaurant-week/sushi-of-gari-46/,https://www.sushiofgari.com,partial
sweet-catch,Sweet Catch,Brooklyn,Prospect Lefferts Gardens,"1222 Nostrand Ave., Brooklyn, NY, 11225","[""Seafood""]","[""$60""]","[""brunch"", ""dinner""]","[""Week 4 (Aug 10 - Aug 16)"", ""Week 5 (Aug 17 - Aug 23)"", ""Week 6 (Aug 24 - Aug 31)"", ""Week 7 (Sept 1 - Sept 6)""]",1,https://nyc-tourism-public.s3.amazonaws.com/srw26/menus/47861-SweetCatch-menu.pdf,,https://www.nyctourism.com/restaurant-week/sweet-catch/,https://www.sweetcatchbk.com,partial
sylvias,Sylvia's,Manhattan,Harlem,"328 Malcolm X Blvd., Manhattan, NY, 10027","[""Soul Food / Southern""]","[""$30"", ""$45""]","[""dinner"", ""lunch""]","[""Week 4 (Aug 10 - Aug 16)""]",0,,,https://www.nyctourism.com/restaurant-week/sylvias/,https://sylviasrestaurant.com,
t-bar,T Bar,Manhattan,Upper East Side,"116 E. 60th St., Manhattan, NY, 10022","[""American (New)"", ""Steakhouse"", ""American (Traditional)""]","[""$30"", ""$60""]","[""dinner"", ""lunch""]","[""Week 4 (Aug 10 - Aug 16)""]",1,https://nyc-tourism-public.s3.amazonaws.com/srw26/menus/9451-TBar-menu.pdf,,https://www.nyctourism.com/restaurant-week/t-bar/,https://tbar.nyc,partial
tachi,Tachi,Manhattan,Hells Kitchen,"339 W. 44th St., Manhattan, NY, 10036","[""Japanese / Sushi""]","[""$30"", ""$45""]","[""brunch"", ""dinner"", ""lunch""]","[""Week 4 (Aug 10 - Aug 16)"", ""Week 5 (Aug 17 - Aug 23)"", ""Week 6 (Aug 24 - Aug 31)"", ""Week 7 (Sept 1 - Sept 6)""]",1,https://nyc-tourism-public.s3.amazonaws.com/srw26/menus/50378-Tachi-menu.pdf,,https://www.nyctourism.com/restaurant-week/tachi/,https://tachinyc.com,partial
takumen,Takumen,Queens,Long Island City,"5-50 50th Ave., Queens, NY, 11101","[""Japanese / Sushi"", ""American (New)""]","[""$30"", ""$45""]","[""brunch"", ""dinner"", ""lunch""]","[""Week 4 (Aug 10 - Aug 16)"", ""Week 5 (Aug 17 - Aug 23)"", ""Week 6 (Aug 24 - Aug 31)""]",1,https://nyc-tourism-public.s3.amazonaws.com/srw26/menus/47805-Takumen-menu.pdf,,https://www.nyctourism.com/restaurant-week/takumen/,http://www.takumenlic.com,full
talavera,Talavera,Manhattan,Hudson Yards,"485 Tenth Ave., Manhattan, NY, 10018","[""Mexican""]","[""$30"", ""$45""]","[""dinner"", ""lunch""]","[""Week 4 (Aug 10 - Aug 16)""]",1,,,https://www.nyctourism.com/restaurant-week/talavera/,https://talaverany.com,
tamarind-tribeca,Tamarind Tribeca,Manhattan,Tribeca,"99 Hudson St., Manhattan, NY, 10013","[""Indian""]","[""$45""]","[""brunch"", ""dinner"", ""lunch""]","[""Week 4 (Aug 10 - Aug 16)"", ""Week 5 (Aug 17 - Aug 23)"", ""Week 6 (Aug 24 - Aug 31)"", ""Week 7 (Sept 1 - Sept 6)""]",1,https://nyc-tourism-public.s3.amazonaws.com/srw26/menus/35824-TamarindTribeca-menu.pdf,https://www.opentable.com/restref/client/?rid=41389,https://www.nyctourism.com/restaurant-week/tamarind-tribeca/,https://www.tamarindtribeca.com,partial
tanoreen,Tanoreen,Brooklyn,Bay Ridge,"7523 Third Ave., Brooklyn, NY, 11209","[""Middle Eastern"", ""Mediterranean""]","[""$30"", ""$60""]","[""dinner"", ""lunch""]","[""Week 4 (Aug 10 - Aug 16)"", ""Week 5 (Aug 17 - Aug 23)"", ""Week 6 (Aug 24 - Aug 31)""]",1,,,https://www.nyctourism.com/restaurant-week/tanoreen/,https://tanoreen.com,
tao-uptown,Tao Uptown,Manhattan,Midtown East,"42 E. 58th St., Manhattan, NY, 10022","[""Pan-Asian""]","[""$30"", ""$60""]","[""dinner"", ""lunch""]","[""Week 4 (Aug 10 - Aug 16)""]",1,,https://www.opentable.com/restref/client/?rid=1266,https://www.nyctourism.com/restaurant-week/tao-uptown/,https://taorestaurant.com,
tara-kitchen-tribeca,Tara Kitchen TriBeCa,Manhattan,Tribeca,"253 Church St., Manhattan, NY, 10013","[""Moroccan""]","[""$60""]","[""dinner""]","[""Week 4 (Aug 10 - Aug 16)"", ""Week 5 (Aug 17 - Aug 23)"", ""Week 6 (Aug 24 - Aug 31)"", ""Week 7 (Sept 1 - Sept 6)""]",1,https://nyc-tourism-public.s3.amazonaws.com/srw26/menus/49918-TaraKitchenTriBeCa-menu.pdf,https://www.opentable.com/restref/client/?rid=1435009,https://www.nyctourism.com/restaurant-week/tara-kitchen-tribeca/,https://tarakitchentribeca.com,partial
tarallucci-e-vino-manhattan-west,Tarallucci e Vino - Manhattan West,Manhattan,Hells Kitchen,"620 W. 42nd St., Manhattan, NY, 10036","[""Italian""]","[""$30"", ""$45""]","[""dinner"", ""lunch""]","[""Week 4 (Aug 10 - Aug 16)"", ""Week 5 (Aug 17 - Aug 23)"", ""Week 6 (Aug 24 - Aug 31)"", ""Week 7 (Sept 1 - Sept 6)""]",1,https://nyc-tourism-public.s3.amazonaws.com/srw26/menus/50949-TaralluccieVino-ManhattanWest-menu.pdf,https://www.opentable.com/restref/client/?rid=1494187,https://www.nyctourism.com/restaurant-week/tarallucci-e-vino-manhattan-west/,https://www.taralluccievino.net/manhattan-west,full
tarallucci-e-vino-nomad,Tarallucci e Vino - NoMad,Manhattan,Nomad,"44 E. 28th St., Manhattan, NY, 10016","[""Italian""]","[""$45""]","[""dinner""]","[""Week 4 (Aug 10 - Aug 16)"", ""Week 5 (Aug 17 - Aug 23)"", ""Week 6 (Aug 24 - Aug 31)"", ""Week 7 (Sept 1 - Sept 6)""]",1,https://nyc-tourism-public.s3.amazonaws.com/srw26/menus/39423-TaralluccieVino-NoMad-menu.pdf,https://www.opentable.com/restref/client/?rid=261748,https://www.nyctourism.com/restaurant-week/tarallucci-e-vino-nomad/,https://www.taralluccievino.net/nomad,full
tarallucci-e-vino-union-square,Tarallucci e Vino - Union Square,Manhattan,Union Square,"15 E. 18th St., Manhattan, NY, 10003","[""Italian""]","[""$30"", ""$45""]","[""dinner"", ""lunch""]","[""Week 4 (Aug 10 - Aug 16)"", ""Week 5 (Aug 17 - Aug 23)"", ""Week 6 (Aug 24 - Aug 31)"", ""Week 7 (Sept 1 - Sept 6)""]",1,https://nyc-tourism-public.s3.amazonaws.com/srw26/menus/30882-TaralluccieVino-UnionSquare-menu.pdf,https://www.opentable.com/restref/client/?rid=24979,https://www.nyctourism.com/restaurant-week/tarallucci-e-vino-union-square/,https://www.taralluccievino.net/union-square-location,full
tarallucci-e-vino-upper-west-side,Tarallucci e Vino - Upper West Side,Manhattan,Upper West Side,"475 Columbus Ave., Manhattan, NY, 10024","[""Italian""]","[""$30"", ""$45""]","[""dinner"", ""lunch""]","[""Week 4 (Aug 10 - Aug 16)"", ""Week 5 (Aug 17 - Aug 23)"", ""Week 6 (Aug 24 - Aug 31)"", ""Week 7 (Sept 1 - Sept 6)""]",1,https://nyc-tourism-public.s3.amazonaws.com/srw26/menus/40224-TaralluccieVino-UpperWestSide-menu.pdf,https://www.opentable.com/restref/client/?rid=261745,https://www.nyctourism.com/restaurant-week/tarallucci-e-vino-upper-west-side/,https://www.taralluccievino.net/upper-west-side-location,full
tasca-nyc,Tasca NYC,Manhattan,Upper West Side,"505 Columbus Ave., Manhattan, NY, 10024","[""Spanish"", ""Puerto Rican"", ""Caribbean"", ""Cuban"", ""Latin American""]","[""$60""]","[""dinner""]","[""Week 4 (Aug 10 - Aug 16)"", ""Week 5 (Aug 17 - Aug 23)"", ""Week 6 (Aug 24 - Aug 31)"", ""Week 7 (Sept 1 - Sept 6)""]",1,https://nyc-tourism-public.s3.amazonaws.com/srw26/menus/46084-TascaNYC-menu.pdf,https://www.opentable.com/restref/client/?rid=1144567,https://www.nyctourism.com/restaurant-week/tasca-nyc/,https://www.tasca-nyc.com,partial
taste-of-india-ii,Taste of India II,Staten Island,New Dorp,"287 New Dorp Ln., Staten Island, NY, 10306","[""Indian""]","[""$30"", ""$45""]","[""brunch"", ""dinner"", ""lunch""]","[""Week 4 (Aug 10 - Aug 16)"", ""Week 5 (Aug 17 - Aug 23)""]",1,https://nyc-tourism-public.s3.amazonaws.com/srw26/menus/46096-TasteofIndiaII-menu.pdf,https://www.opentable.com/restref/client/?rid=111514,https://www.nyctourism.com/restaurant-week/taste-of-india-ii/,https://www.tasteofindia2.com,partial
tavern-on-the-green,Tavern on the Green,Manhattan,Central Park,"1 Tavern on the Green, Manhattan, NY, 10023","[""American (New)""]","[""$45"", ""$60""]","[""dinner"", ""lunch""]","[""Week 4 (Aug 10 - Aug 16)""]",0,https://nyc-tourism-public.s3.amazonaws.com/srw26/menus/8153-TavernontheGreen-menu.pdf,https://www.opentable.com/restref/client/?rid=118102,https://www.nyctourism.com/restaurant-week/tavern-on-the-green/,https://www.tavernonthegreen.com,full
temple-court-by-tom-colicchio,Temple Court,Manhattan,Lower Manhattan,"5 Beekman St., Manhattan, NY, 10038","[""American (New)""]","[""$60""]","[""dinner""]","[""Week 4 (Aug 10 - Aug 16)"", ""Week 5 (Aug 17 - Aug 23)"", ""Week 6 (Aug 24 - Aug 31)"", ""Week 7 (Sept 1 - Sept 6)""]",1,https://nyc-tourism-public.s3.amazonaws.com/srw26/menus/40069-TempleCourtbyTomColicchio-menu.pdf,https://www.opentable.com/restref/client/?rid=264043,https://www.nyctourism.com/restaurant-week/temple-court-by-tom-colicchio/,https://www.templecourtnyc.com,partial
tha-phraya,Tha Phraya,Manhattan,Upper East Side,"1553 Second Ave., Manhattan, NY, 10028","[""Thai""]","[""$30"", ""$60""]","[""brunch"", ""dinner"", ""lunch""]","[""Week 4 (Aug 10 - Aug 16)"", ""Week 5 (Aug 17 - Aug 23)""]",1,https://nyc-tourism-public.s3.amazonaws.com/srw26/menus/49201-ThaPhraya-menu.pdf,,https://www.nyctourism.com/restaurant-week/tha-phraya/,https://www.thaphraya.com,partial
the-bar-downstairs-and-kitchen,The Bar Downstairs and Kitchen,Manhattan,Midtown East,"485 Fifth Ave., Manhattan, NY, 10017","[""American (New)"", ""Eclectic""]","[""$45""]","[""dinner""]","[""Week 4 (Aug 10 - Aug 16)"", ""Week 5 (Aug 17 - Aug 23)"", ""Week 6 (Aug 24 - Aug 31)"", ""Week 7 (Sept 1 - Sept 6)""]",0,https://nyc-tourism-public.s3.amazonaws.com/srw26/menus/41266-BarDownstairsandKitchen-menu.pdf,,https://www.nyctourism.com/restaurant-week/the-bar-downstairs-and-kitchen/,https://www.bardownstairs.com,full
the-bar-room-at-the-modern,The Bar Room at The Modern,Manhattan,Midtown West,"The Museum of Modern Art, 9 W. 53rd St., Manhattan, NY, 10019","[""American (New)""]","[""$45""]","[""brunch"", ""lunch""]","[""Week 4 (Aug 10 - Aug 16)"", ""Week 5 (Aug 17 - Aug 23)"", ""Week 6 (Aug 24 - Aug 31)"", ""Week 7 (Sept 1 - Sept 6)""]",1,https://nyc-tourism-public.s3.amazonaws.com/srw26/menus/41033-BarRoomatTheModern-menu.pdf,,https://www.nyctourism.com/restaurant-week/the-bar-room-at-the-modern/,https://www.themodernnyc.com/the-bar-room-at-the-modern,partial
bronx-beer-hall,The Bronx Beer Hall,The Bronx,Belmont,"2344 Arthur Ave., Bronx, NY, 10458","[""American (Traditional)"", ""Pizza"", ""Eclectic"", ""Italian""]","[""$30"", ""$45""]","[""brunch"", ""dinner"", ""lunch""]","[""Week 4 (Aug 10 - Aug 16)"", ""Week 5 (Aug 17 - Aug 23)"", ""Week 6 (Aug 24 - Aug 31)"", ""Week 7 (Sept 1 - Sept 6)""]",1,,,https://www.nyctourism.com/restaurant-week/bronx-beer-hall/,https://www.thebronxbeerhall.com,
the-chemistry-room,The Chemistry Room,Manhattan,Times Square/Theatre District,"Sanctuary Hotel New York, 132 W. 47th St., Manhattan, NY, 10036","[""Japanese / Sushi""]","[""$60""]","[""dinner""]","[""Week 4 (Aug 10 - Aug 16)"", ""Week 5 (Aug 17 - Aug 23)"", ""Week 6 (Aug 24 - Aug 31)"", ""Week 7 (Sept 1 - Sept 6)""]",0,https://nyc-tourism-public.s3.amazonaws.com/srw26/menus/48498-ChemistryRoom-menu.pdf,,https://www.nyctourism.com/restaurant-week/the-chemistry-room/,https://www.thechemistryroom.com,failed
the-corner-chinese-food,The Corner Chinese Food,Manhattan,Hells Kitchen,"698 Ninth Ave., Manhattan, NY, 10036","[""Chinese""]","[""$45""]","[""dinner""]","[""Week 4 (Aug 10 - Aug 16)"", ""Week 5 (Aug 17 - Aug 23)"", ""Week 6 (Aug 24 - Aug 31)"", ""Week 7 (Sept 1 - Sept 6)""]",1,,,https://www.nyctourism.com/restaurant-week/the-corner-chinese-food/,https://www.thecornerchinese.com,
the-dining-room-at-gramercy-tavern,The Dining Room at Gramercy Tavern,Manhattan,Gramercy,"42 E. 20th St., Manhattan, NY, 10003","[""American (New)""]","[""$60""]","[""brunch"", ""lunch""]","[""Week 4 (Aug 10 - Aug 16)"", ""Week 5 (Aug 17 - Aug 23)"", ""Week 6 (Aug 24 - Aug 31)"", ""Week 7 (Sept 1 - Sept 6)""]",1,https://nyc-tourism-public.s3.amazonaws.com/srw26/menus/46438-DiningRoomatGramercyTavern-menu.pdf,,https://www.nyctourism.com/restaurant-week/the-dining-room-at-gramercy-tavern/,https://www.gramercytavern.com/location/gramercy-tavern-the-dining-room,partial
the-dolar-shop-hot-pot,The Dolar Shop Hot Pot,Manhattan,East Village,"55 Third Ave., Manhattan, NY, 10003","[""Chinese""]","[""$30"", ""$45""]","[""dinner"", ""lunch""]","[""Week 4 (Aug 10 - Aug 16)"", ""Week 5 (Aug 17 - Aug 23)"", ""Week 6 (Aug 24 - Aug 31)"", ""Week 7 (Sept 1 - Sept 6)""]",0,https://nyc-tourism-public.s3.amazonaws.com/srw26/menus/49349-DolarShopHotPot-menu.pdf,,https://www.nyctourism.com/restaurant-week/the-dolar-shop-hot-pot/,https://www.dolarshop.com/location/manhattan-location,full
the-dram-shop-bar,The Dram Shop Bar,Brooklyn,Park Slope,"339 9th St., Brooklyn, NY, 11215","[""American (Traditional)"", ""Southwestern"", ""Bars/Cocktails""]","[""$30"", ""$45""]","[""brunch"", ""dinner"", ""lunch""]","[""Week 4 (Aug 10 - Aug 16)"", ""Week 5 (Aug 17 - Aug 23)"", ""Week 6 (Aug 24 - Aug 31)"", ""Week 7 (Sept 1 - Sept 6)""]",1,https://nyc-tourism-public.s3.amazonaws.com/srw26/menus/45821-DramShopBar-menu.pdf,,https://www.nyctourism.com/restaurant-week/the-dram-shop-bar/,https://www.dramshopbrooklyn.com,full
the-dutch,The Dutch,Manhattan,Soho,"131 Sullivan St., Manhattan, NY, 10012","[""American (New)""]","[""$45"", ""$60""]","[""dinner"", ""lunch""]","[""Week 4 (Aug 10 - Aug 16)""]",1,https://nyc-tourism-public.s3.amazonaws.com/srw26/menus/36694-Dutch-menu.pdf,https://www.opentable.com/restref/client/?rid=47848,https://www.nyctourism.com/restaurant-week/the-dutch/,https://www.thedutchnyc.com,full
the-flatiron-room-murray-hill,The Flatiron Room - Murray Hill,Manhattan,Murray Hill,"9 E. 37th St., Manhattan, NY, 10016","[""American (New)""]","[""$45""]","[""dinner""]","[""Week 4 (Aug 10 - Aug 16)""]",1,https://nyc-tourism-public.s3.amazonaws.com/srw26/menus/40742-FlatironRoom-MurrayHill-menu.pdf,,https://www.nyctourism.com/restaurant-week/the-flatiron-room-murray-hill/,https://theflatironroom.com/murray-hill-home,full
the-flatiron-room,The Flatiron Room - NoMad,Manhattan,Nomad,"37 W. 26th St., Manhattan, NY, 10010","[""American (New)""]","[""$45""]","[""dinner""]","[""Week 4 (Aug 10 - Aug 16)""]",1,https://nyc-tourism-public.s3.amazonaws.com/srw26/menus/41029-FlatironRoom-NoMad-menu.pdf,,https://www.nyctourism.com/restaurant-week/the-flatiron-room/,https://www.theflatironroom.com/nomad-home,full
the-fulton,The Fulton,Manhattan,The Seaport,"Pier 17, 89 South St., Manhattan, NY, 10038","[""Seafood""]","[""$45"", ""$60""]","[""dinner"", ""lunch""]","[""Week 4 (Aug 10 - Aug 16)""]",1,https://nyc-tourism-public.s3.amazonaws.com/srw26/menus/41106-Fulton-menu.pdf,,https://www.nyctourism.com/restaurant-week/the-fulton/,https://www.thefulton.nyc,partial
the-gallery,The Gallery,Manhattan,Flatiron District,"17 W. 20th St., Manhattan, NY, 10011","[""Japanese / Sushi""]","[""$60""]","[""brunch"", ""dinner"", ""lunch""]","[""Week 4 (Aug 10 - Aug 16)"", ""Week 5 (Aug 17 - Aug 23)"", ""Week 6 (Aug 24 - Aug 31)"", ""Week 7 (Sept 1 - Sept 6)""]",1,https://nyc-tourism-public.s3.amazonaws.com/srw26/menus/45551-Gallery-menu.pdf,https://www.opentable.com/restref/client/?rid=1246903,https://www.nyctourism.com/restaurant-week/the-gallery/,https://www.odogallery.nyc,partial
the-greenhouse-cafe,The Greenhouse Cafe,Brooklyn,Bay Ridge,"7717 Third Ave., Brooklyn, NY, 11209","[""American (New)""]","[""$45""]","[""brunch"", ""dinner"", ""lunch""]","[""Week 4 (Aug 10 - Aug 16)"", ""Week 5 (Aug 17 - Aug 23)"", ""Week 6 (Aug 24 - Aug 31)"", ""Week 7 (Sept 1 - Sept 6)""]",1,https://nyc-tourism-public.s3.amazonaws.com/srw26/menus/29080-GreenhouseCafe-menu.pdf,https://www.opentable.com/restref/client/?rid=187261,https://www.nyctourism.com/restaurant-week/the-greenhouse-cafe/,https://www.greenhousecafe.com,failed
the-independent,The Independent,Manhattan,Times Square/Theatre District,"147 W. 40th St., Manhattan, NY, 10018","[""American (New)""]","[""$30"", ""$45""]","[""dinner"", ""lunch""]","[""Week 4 (Aug 10 - Aug 16)"", ""Week 5 (Aug 17 - Aug 23)"", ""Week 6 (Aug 24 - Aug 31)"", ""Week 7 (Sept 1 - Sept 6)""]",1,https://nyc-tourism-public.s3.amazonaws.com/srw26/menus/46076-Independent-menu.pdf,,https://www.nyctourism.com/restaurant-week/the-independent/,https://www.theindependentnyc.com,partial
the-ivory-peacock,The Ivory Peacock,Manhattan,Flatiron District,"38 W. 26th St., Manhattan, NY, 10010","[""Gastropub"", ""American (New)"", ""Bars/Cocktails""]","[""$30"", ""$45""]","[""dinner"", ""lunch""]","[""Week 4 (Aug 10 - Aug 16)"", ""Week 5 (Aug 17 - Aug 23)"", ""Week 6 (Aug 24 - Aug 31)""]",1,,https://www.opentable.com/restref/client/?rid=1246276,https://www.nyctourism.com/restaurant-week/the-ivory-peacock/,https://theivorypeacock.com,
the-kunjip,The Kunjip,Manhattan,Koreatown,"32 W. 32nd St., Manhattan, NY, 10001","[""Korean"", ""Barbecue""]","[""$30"", ""$45""]","[""dinner"", ""lunch""]","[""Week 4 (Aug 10 - Aug 16)""]",0,https://nyc-tourism-public.s3.amazonaws.com/srw26/menus/51330-Kunjip-menu.pdf,,https://www.nyctourism.com/restaurant-week/the-kunjip/,https://www.kunjip.nyc,partial
the-long-room,The Long Room,Manhattan,Times Square/Theatre District,"120 W. 44th St., Manhattan, NY, 10036","[""Irish"", ""Gastropub""]","[""$30"", ""$45""]","[""brunch"", ""dinner"", ""lunch""]","[""Week 4 (Aug 10 - Aug 16)"", ""Week 5 (Aug 17 - Aug 23)"", ""Week 6 (Aug 24 - Aug 31)"", ""Week 7 (Sept 1 - Sept 6)""]",1,https://nyc-tourism-public.s3.amazonaws.com/srw26/menus/46442-LongRoom-menu.pdf,,https://www.nyctourism.com/restaurant-week/the-long-room/,https://www.thelongroomnyc.com,partial
the-noortwyck,The Noortwyck,Manhattan,West Village,"289 Bleecker St., Manhattan, NY, 10014","[""American (New)""]","[""$45"", ""$60""]","[""brunch"", ""dinner""]","[""Week 4 (Aug 10 - Aug 16)"", ""Week 5 (Aug 17 - Aug 23)"", ""Week 6 (Aug 24 - Aug 31)"", ""Week 7 (Sept 1 - Sept 6)""]",1,https://nyc-tourism-public.s3.amazonaws.com/srw26/menus/49738-Noortwyck-menu.pdf,,https://www.nyctourism.com/restaurant-week/the-noortwyck/,https://www.thenoortwyck.com,partial
palm-midtown,The Palm - Midtown,Manhattan,Times Square/Theatre District,"250 W. 50th St., Manhattan, NY, 10019","[""Steakhouse"", ""Seafood"", ""Italian""]","[""$30"", ""$60""]","[""dinner"", ""lunch""]","[""Week 4 (Aug 10 - Aug 16)"", ""Week 5 (Aug 17 - Aug 23)"", ""Week 6 (Aug 24 - Aug 31)"", ""Week 7 (Sept 1 - Sept 6)""]",1,https://nyc-tourism-public.s3.amazonaws.com/srw26/menus/16297-Palm-Midtown-menu.pdf,https://www.opentable.com/restref/client/?rid=13384,https://www.nyctourism.com/restaurant-week/palm-midtown/,https://www.thepalm.com/location/the-palm-midtown/,full
the-parliament,The Parliament,Manhattan,Midtown East,"The Benjamin Royal Sonesta New York, 557 Lexington Ave., Manhattan, NY, 10022","[""American (Traditional)""]","[""$45""]","[""lunch""]","[""Week 4 (Aug 10 - Aug 16)"", ""Week 5 (Aug 17 - Aug 23)"", ""Week 6 (Aug 24 - Aug 31)"", ""Week 7 (Sept 1 - Sept 6)""]",0,https://nyc-tourism-public.s3.amazonaws.com/srw26/menus/50223-Parliament-menu.pdf,https://www.opentable.com/restref/client/?rid=1434793,https://www.nyctourism.com/restaurant-week/the-parliament/,https://theparliamentnyc.com,partial
the-parlour-room,The Parlour Room,Manhattan,Herald Square,"70 W. 36th St., Manhattan, NY, 10018","[""American (New)""]","[""$60""]","[""dinner""]","[""Week 4 (Aug 10 - Aug 16)""]",0,,https://www.opentable.com/restref/client/?rid=15709,https://www.nyctourism.com/restaurant-week/the-parlour-room/,https://www.parlourroomnyc.com/?y_source=1_MTAwNDExNTY3Ny03MTUtbG9jYXRpb24ud2Vic2l0ZQ%3D%3D,
the-quimby,The Quimby,Queens,Jamaica,"Marriott New York JFK Airport, 135-25 142nd St., Queens, NY, 11436","[""American (New)""]","[""$30"", ""$45""]","[""brunch"", ""dinner"", ""lunch""]","[""Week 4 (Aug 10 - Aug 16)""]",1,https://nyc-tourism-public.s3.amazonaws.com/srw26/menus/48983-Quimby-menu.pdf,https://www.opentable.com/restref/client/?rid=1318840,https://www.nyctourism.com/restaurant-week/the-quimby/,https://thequimbynyc.com,partial
the-russian-tea-room,The Russian Tea Room,Manhattan,Midtown West,"150 W. 57th St., Manhattan, NY, 10019","[""Continental"", ""Russian""]","[""$45"", ""$60""]","[""dinner"", ""lunch""]","[""Week 4 (Aug 10 - Aug 16)"", ""Week 5 (Aug 17 - Aug 23)"", ""Week 6 (Aug 24 - Aug 31)"", ""Week 7 (Sept 1 - Sept 6)""]",1,https://nyc-tourism-public.s3.amazonaws.com/srw26/menus/12083-RussianTeaRoom-menu.pdf,https://www.opentable.com/restref/client/?rid=7626,https://www.nyctourism.com/restaurant-week/the-russian-tea-room/,https://russiantearoomnyc.com,partial
sea-fire-grill,The Sea Fire Grill,Manhattan,Midtown East,"158 E. 48th St., Manhattan, NY, 10017","[""Seafood""]","[""$45"", ""$60""]","[""dinner"", ""lunch""]","[""Week 4 (Aug 10 - Aug 16)"", ""Week 5 (Aug 17 - Aug 23)"", ""Week 6 (Aug 24 - Aug 31)""]",0,,https://www.opentable.com/restref/client/?rid=98503,https://www.nyctourism.com/restaurant-week/sea-fire-grill/,https://theseafiregrill.com,
the-shell-seafood-kitchen,The Shell Seafood Kitchen,Manhattan,Upper West Side,"635 Amsterdam Ave., Manhattan, NY, 10025","[""Mediterranean"", ""Seafood""]","[""$45""]","[""dinner""]","[""Week 4 (Aug 10 - Aug 16)"", ""Week 5 (Aug 17 - Aug 23)"", ""Week 6 (Aug 24 - Aug 31)"", ""Week 7 (Sept 1 - Sept 6)""]",1,,https://www.opentable.com/restref/client/?rid=1276408,https://www.nyctourism.com/restaurant-week/the-shell-seafood-kitchen/,https://theshellrestaurant.com,
the-splendid,The Splendid,Manhattan,Midtown East,"16 E. 52nd St., Manhattan, NY, 10022","[""American (New)""]","[""$45"", ""$60""]","[""dinner"", ""lunch""]","[""Week 4 (Aug 10 - Aug 16)"", ""Week 5 (Aug 17 - Aug 23)"", ""Week 6 (Aug 24 - Aug 31)"", ""Week 7 (Sept 1 - Sept 6)""]",0,https://nyc-tourism-public.s3.amazonaws.com/srw26/menus/50320-Splendid-menu.pdf,,https://www.nyctourism.com/restaurant-week/the-splendid/,https://www.thesplendid.nyc,partial
the-terrace-and-outdoor-gardens,The Terrace and Outdoor Gardens,Manhattan,Times Square/Theatre District,"The Times Square Edition, 701 Seventh Ave., Manhattan, NY, 10036","[""American (New)""]","[""$45"", ""$60""]","[""dinner"", ""lunch""]","[""Week 4 (Aug 10 - Aug 16)""]",0,https://nyc-tourism-public.s3.amazonaws.com/srw26/menus/41663-TerraceandOutdoorGardens-menu.pdf,https://www.opentable.com/restref/client/?rid=1017811,https://www.nyctourism.com/restaurant-week/the-terrace-and-outdoor-gardens/,https://www.editionhotels.com/times-square/restaurants-and-bars/the-terrace-and-outdoor-gardens,full
the-wolfe,The Wolfe,Manhattan,Upper West Side,"425 Amsterdam Ave., Manhattan, NY, 10024","[""American (New)"", ""Bars/Cocktails""]","[""$30"", ""$45""]","[""dinner"", ""lunch""]","[""Week 4 (Aug 10 - Aug 16)""]",0,https://nyc-tourism-public.s3.amazonaws.com/srw26/menus/48557-Wolfe-menu.pdf,,https://www.nyctourism.com/restaurant-week/the-wolfe/,https://www.thewolfenyc.com,partial
thep,Thep,Manhattan,Upper East Side,"1439 Second Ave., Manhattan, NY, 10021","[""Thai""]","[""$30"", ""$45""]","[""brunch"", ""dinner"", ""lunch""]","[""Week 4 (Aug 10 - Aug 16)"", ""Week 5 (Aug 17 - Aug 23)"", ""Week 6 (Aug 24 - Aug 31)"", ""Week 7 (Sept 1 - Sept 6)""]",1,https://nyc-tourism-public.s3.amazonaws.com/srw26/menus/41723-Thep-menu.pdf,https://www.opentable.com/restref/client/?rid=1400965,https://www.nyctourism.com/restaurant-week/thep/,https://thepnewyork.com,failed
tinos,Tinos,Manhattan,Upper East Side,"1748 First Ave., Manhattan, NY, 10128","[""Greek""]","[""$45""]","[""brunch"", ""dinner""]","[""Week 4 (Aug 10 - Aug 16)"", ""Week 5 (Aug 17 - Aug 23)"", ""Week 6 (Aug 24 - Aug 31)"", ""Week 7 (Sept 1 - Sept 6)""]",1,,https://www.opentable.com/restref/client/?rid=1269628,https://www.nyctourism.com/restaurant-week/tinos/,https://www.tinosnyc.com,
tinto-tapas-bar,Tinto Tapas Restaurant & Wine Bar,Manhattan,Washington Heights,"209 Pinehurst Ave., Manhattan, NY, 10033","[""Spanish""]","[""$30"", ""$45""]","[""brunch"", ""dinner""]","[""Week 4 (Aug 10 - Aug 16)"", ""Week 5 (Aug 17 - Aug 23)"", ""Week 6 (Aug 24 - Aug 31)"", ""Week 7 (Sept 1 - Sept 6)""]",1,,,https://www.nyctourism.com/restaurant-week/tinto-tapas-bar/,https://www.tintonyc.com,
togyushi,Togyushi,Manhattan,Herald Square,"37 W. 37th St., Manhattan, NY, 10018","[""Japanese / Sushi""]","[""$60""]","[""dinner""]","[""Week 4 (Aug 10 - Aug 16)"", ""Week 5 (Aug 17 - Aug 23)"", ""Week 6 (Aug 24 - Aug 31)"", ""Week 7 (Sept 1 - Sept 6)""]",0,https://nyc-tourism-public.s3.amazonaws.com/srw26/menus/51302-Togyushi-menu.pdf,,https://www.nyctourism.com/restaurant-week/togyushi/,https://www.togyushi.com,partial
tonchin-brooklyn,Tonchin Brooklyn,Brooklyn,Williamsburg,"109 N. 3rd St., Brooklyn, NY, 11249","[""Japanese / Sushi""]","[""$45""]","[""dinner""]","[""Week 4 (Aug 10 - Aug 16)"", ""Week 5 (Aug 17 - Aug 23)"", ""Week 6 (Aug 24 - Aug 31)"", ""Week 7 (Sept 1 - Sept 6)""]",0,https://nyc-tourism-public.s3.amazonaws.com/srw26/menus/48499-TonchinBrooklyn-menu.pdf,,https://www.nyctourism.com/restaurant-week/tonchin-brooklyn/,https://www.tonchinus.com,failed
trapizzino,Trapizzino,Manhattan,Lower East Side,"144 Orchard St., Manhattan, NY, 10002","[""Italian""]","[""$30""]","[""brunch"", ""dinner"", ""lunch""]","[""Week 4 (Aug 10 - Aug 16)"", ""Week 5 (Aug 17 - Aug 23)"", ""Week 6 (Aug 24 - Aug 31)"", ""Week 7 (Sept 1 - Sept 6)""]",1,,https://www.opentable.com/restref/client/?rid=1330483,https://www.nyctourism.com/restaurant-week/trapizzino/,https://www.trapizzinousa.com,
trattoria-dellarte,Trattoria Dell'Arte,Manhattan,Midtown West,"900 Seventh Ave., Manhattan, NY, 10019","[""Italian""]","[""$30"", ""$45""]","[""dinner"", ""lunch""]","[""Week 4 (Aug 10 - Aug 16)"", ""Week 5 (Aug 17 - Aug 23)"", ""Week 6 (Aug 24 - Aug 31)"", ""Week 7 (Sept 1 - Sept 6)""]",0,https://nyc-tourism-public.s3.amazonaws.com/srw26/menus/9736-TrattoriaDell%27Arte-menu.pdf,https://www.opentable.com/restref/client/?rid=31231,https://www.nyctourism.com/restaurant-week/trattoria-dellarte/,https://www.trattoriadellarte.com,full
traveler,Traveler,Manhattan,Murray Hill,"Hue House, 56 E. 41st St., Manhattan, NY, 10017","[""Asian Fusion""]","[""$45""]","[""dinner""]","[""Week 4 (Aug 10 - Aug 16)"", ""Week 5 (Aug 17 - Aug 23)"", ""Week 6 (Aug 24 - Aug 31)"", ""Week 7 (Sept 1 - Sept 6)""]",1,https://nyc-tourism-public.s3.amazonaws.com/srw26/menus/51298-Traveler-menu.pdf,,https://www.nyctourism.com/restaurant-week/traveler/,https://www.travelernyc.com,full
travelers-poets-and-friends,Travelers Poets & Friends,Manhattan,West Village,"457 Sixth Ave., Manhattan, NY, 10011","[""Italian""]","[""$30""]","[""brunch"", ""dinner"", ""lunch""]","[""Week 4 (Aug 10 - Aug 16)"", ""Week 5 (Aug 17 - Aug 23)"", ""Week 6 (Aug 24 - Aug 31)"", ""Week 7 (Sept 1 - Sept 6)""]",1,https://nyc-tourism-public.s3.amazonaws.com/srw26/menus/48971-TravelersPoets%26Friends-menu.pdf,,https://www.nyctourism.com/restaurant-week/travelers-poets-and-friends/,https://travelerspoetsandfriends.com,full
tucci,Tucci,Manhattan,Noho,"643 Broadway, Manhattan, NY, 10012","[""Italian""]","[""$60""]","[""dinner""]","[""Week 4 (Aug 10 - Aug 16)"", ""Week 5 (Aug 17 - Aug 23)"", ""Week 6 (Aug 24 - Aug 31)"", ""Week 7 (Sept 1 - Sept 6)""]",1,https://nyc-tourism-public.s3.amazonaws.com/srw26/menus/48976-Tucci-menu.pdf,,https://www.nyctourism.com/restaurant-week/tucci/,https://www.tuccinyc.com,full
tudor-city-steakhouse,Tudor City Steakhouse,Manhattan,Midtown East,"45 Tudor City Place, Manhattan, NY, 10017","[""Steakhouse"", ""Seafood""]","[""$30"", ""$60""]","[""dinner"", ""lunch""]","[""Week 4 (Aug 10 - Aug 16)"", ""Week 5 (Aug 17 - Aug 23)"", ""Week 6 (Aug 24 - Aug 31)"", ""Week 7 (Sept 1 - Sept 6)""]",1,https://nyc-tourism-public.s3.amazonaws.com/srw26/menus/40202-TudorCitySteakhouse-menu.pdf,https://www.opentable.com/restref/client/?rid=1175887,https://www.nyctourism.com/restaurant-week/tudor-city-steakhouse/,https://www.tudorcitysteakhouse.com,full
tuome,Tuome,Manhattan,East Village,"536 E. 5th St., Manhattan, NY, 10009","[""American (New)"", ""Asian Fusion""]","[""$60""]","[""dinner""]","[""Week 4 (Aug 10 - Aug 16)"", ""Week 5 (Aug 17 - Aug 23)"", ""Week 6 (Aug 24 - Aug 31)"", ""Week 7 (Sept 1 - Sept 6)""]",0,https://nyc-tourism-public.s3.amazonaws.com/srw26/menus/39466-Tuome-menu.pdf,,https://www.nyctourism.com/restaurant-week/tuome/,https://www.tuomenyc.com,partial
twin-tails,Twin Tails,Manhattan,Upper West Side,"10 Columbus Circle, Manhattan, NY, 10019","[""Thai"", ""Vietnamese""]","[""$60""]","[""lunch""]","[""Week 4 (Aug 10 - Aug 16)""]",0,https://nyc-tourism-public.s3.amazonaws.com/srw26/menus/50459-TwinTails-menu.pdf,https://www.opentable.com/restref/client/?rid=1383292,https://www.nyctourism.com/restaurant-week/twin-tails/,https://www.twintailsnyc.com,full
union-square-cafe,Union Square Cafe,Manhattan,Gramercy,"101 E. 19th St., Manhattan, NY, 10003","[""American (New)""]","[""$45""]","[""brunch"", ""lunch""]","[""Week 4 (Aug 10 - Aug 16)"", ""Week 5 (Aug 17 - Aug 23)"", ""Week 6 (Aug 24 - Aug 31)"", ""Week 7 (Sept 1 - Sept 6)""]",1,https://nyc-tourism-public.s3.amazonaws.com/srw26/menus/9748-UnionSquareCafe-menu.pdf,,https://www.nyctourism.com/restaurant-week/union-square-cafe/,https://www.unionsquarecafe.com,partial
upon-the-palace,Upon The Palace,Manhattan,Tribeca,"317 Greenwich St., Manhattan, NY, 10013","[""Chinese"", ""Asian Fusion""]","[""$60""]","[""dinner""]","[""Week 4 (Aug 10 - Aug 16)"", ""Week 5 (Aug 17 - Aug 23)"", ""Week 6 (Aug 24 - Aug 31)"", ""Week 7 (Sept 1 - Sept 6)""]",0,,https://www.opentable.com/restref/client/?rid=1399753,https://www.nyctourism.com/restaurant-week/upon-the-palace/,https://www.uponthepalace.com,
urban-cove-society-and-kitchen,Urban Cove Society & Kitchen,Manhattan,The Seaport,"33 Hotel, New York City, Seaport, 33 Peck Slip, Manhattan, NY, 10038","[""American (New)"", ""Eclectic""]","[""$30"", ""$45""]","[""brunch"", ""dinner"", ""lunch""]","[""Week 4 (Aug 10 - Aug 16)"", ""Week 5 (Aug 17 - Aug 23)"", ""Week 6 (Aug 24 - Aug 31)"", ""Week 7 (Sept 1 - Sept 6)""]",1,https://nyc-tourism-public.s3.amazonaws.com/srw26/menus/48581-UrbanCoveSociety%26Kitchen-menu.pdf,https://www.opentable.com/restref/client/?rid=1275334,https://www.nyctourism.com/restaurant-week/urban-cove-society-and-kitchen/,https://www.urbancoveseaport.com,failed
uva-next-door,Uva Next Door,Manhattan,Upper East Side,"1484 Second Ave., Manhattan, NY, 10075","[""Italian"", ""Bars/Cocktails""]","[""$45""]","[""dinner""]","[""Week 4 (Aug 10 - Aug 16)"", ""Week 5 (Aug 17 - Aug 23)"", ""Week 6 (Aug 24 - Aug 31)"", ""Week 7 (Sept 1 - Sept 6)""]",1,https://nyc-tourism-public.s3.amazonaws.com/srw26/menus/46450-UvaNextDoor-menu.pdf,,https://www.nyctourism.com/restaurant-week/uva-next-door/,https://www.uvanextdoor.com,partial
veeray-da-dhaba,Veeray da Dhaba,Manhattan,East Village,"222 First Ave., Manhattan, NY, 10009","[""Indian""]","[""$30""]","[""dinner""]","[""Week 4 (Aug 10 - Aug 16)"", ""Week 5 (Aug 17 - Aug 23)"", ""Week 6 (Aug 24 - Aug 31)"", ""Week 7 (Sept 1 - Sept 6)""]",1,,,https://www.nyctourism.com/restaurant-week/veeray-da-dhaba/,https://www.veeraydadhaba.com,
veerays,Veerays,Manhattan,Midtown East,"213 E. 45th St., Manhattan, NY, 10017","[""Indian""]","[""$30"", ""$45""]","[""dinner"", ""lunch""]","[""Week 4 (Aug 10 - Aug 16)"", ""Week 5 (Aug 17 - Aug 23)"", ""Week 6 (Aug 24 - Aug 31)"", ""Week 7 (Sept 1 - Sept 6)""]",0,,,https://www.nyctourism.com/restaurant-week/veerays/,https://www.veerays.com,
verde-on-smith,Verde on Smith,Brooklyn,Cobble Hill,"216 Smith St., Brooklyn, NY, 11201","[""Italian""]","[""$45""]","[""dinner""]","[""Week 4 (Aug 10 - Aug 16)"", ""Week 5 (Aug 17 - Aug 23)"", ""Week 6 (Aug 24 - Aug 31)"", ""Week 7 (Sept 1 - Sept 6)""]",1,https://nyc-tourism-public.s3.amazonaws.com/srw26/menus/44088-VerdeonSmith-menu.pdf,https://www.opentable.com/restref/client/?rid=59281,https://www.nyctourism.com/restaurant-week/verde-on-smith/,https://www.verdeonsmith.com,full
veselka-restaurant,Veselka,Manhattan,East Village,"144 Second Ave., Manhattan, NY, 10003","[""Ukrainian""]","[""$30""]","[""brunch"", ""dinner"", ""lunch""]","[""Week 4 (Aug 10 - Aug 16)"", ""Week 5 (Aug 17 - Aug 23)"", ""Week 6 (Aug 24 - Aug 31)""]",1,,,https://www.nyctourism.com/restaurant-week/veselka-restaurant/,https://veselka.com,
via-13,Via 13,Manhattan,West Village,"140 W. 13th St., Manhattan, NY, 10011","[""Italian""]","[""$30"", ""$45""]","[""brunch"", ""dinner""]","[""Week 4 (Aug 10 - Aug 16)"", ""Week 5 (Aug 17 - Aug 23)"", ""Week 6 (Aug 24 - Aug 31)"", ""Week 7 (Sept 1 - Sept 6)""]",1,https://nyc-tourism-public.s3.amazonaws.com/srw26/menus/48711-Via13-menu.pdf,https://www.opentable.com/restref/client/?rid=76384,https://www.nyctourism.com/restaurant-week/via-13/,https://via13nyc.com,full
victors-cafe,Victor's Cafe,Manhattan,Times Square/Theatre District,"236 W. 52nd St., Manhattan, NY, 10019","[""Cuban""]","[""$30"", ""$45""]","[""brunch"", ""dinner""]","[""Week 4 (Aug 10 - Aug 16)"", ""Week 5 (Aug 17 - Aug 23)"", ""Week 6 (Aug 24 - Aug 31)"", ""Week 7 (Sept 1 - Sept 6)""]",1,https://nyc-tourism-public.s3.amazonaws.com/srw26/menus/8278-Victor%27sCafe-menu.pdf,https://www.opentable.com/restref/client/?rid=3716,https://www.nyctourism.com/restaurant-week/victors-cafe/,https://victorscafe.com,full
vin-sur-vingt-e-51st-st,Vin Sur Vingt - E. 51st St.,Manhattan,Midtown East,"230 E. 51st St., Manhattan, NY, 10022","[""French""]","[""$45""]","[""dinner""]","[""Week 4 (Aug 10 - Aug 16)"", ""Week 5 (Aug 17 - Aug 23)"", ""Week 6 (Aug 24 - Aug 31)"", ""Week 7 (Sept 1 - Sept 6)""]",1,https://nyc-tourism-public.s3.amazonaws.com/srw26/menus/50279-VinSurVingt-E.51stSt.-menu.pdf,,https://www.nyctourism.com/restaurant-week/vin-sur-vingt-e-51st-st/,https://www.vsvwinebars.com/location/vin-sur-vingt-wine-bar-bistro-e-51st-st,full
virgils-real-bbq-times-square,Virgil's Real BBQ - Times Square,Manhattan,Times Square/Theatre District,"152 W. 44th St., Manhattan, NY, 10036","[""Barbecue""]","[""$30"", ""$45""]","[""brunch"", ""dinner"", ""lunch""]","[""Week 4 (Aug 10 - Aug 16)""]",1,,https://www.opentable.com/restref/client/?rid=2298,https://www.nyctourism.com/restaurant-week/virgils-real-bbq-times-square/,https://www.virgilsbbq.com/locations/times-square,
viv,Viv,Manhattan,Hells Kitchen,"717 Ninth Ave., Manhattan, NY, 10019","[""Thai""]","[""$30"", ""$45""]","[""brunch"", ""dinner"", ""lunch""]","[""Week 4 (Aug 10 - Aug 16)"", ""Week 5 (Aug 17 - Aug 23)"", ""Week 6 (Aug 24 - Aug 31)"", ""Week 7 (Sept 1 - Sept 6)""]",1,https://nyc-tourism-public.s3.amazonaws.com/srw26/menus/50890-Viv-menu.pdf,https://www.opentable.com/restref/client/?rid=243556,https://www.nyctourism.com/restaurant-week/viv/,https://www.vivthainyc.com,failed
wabi-nori,Wabi Nori - Lower East Side,Queens,Flushing,"115 Essex St., Manhattan, NY, 10002","[""Japanese / Sushi""]","[""$30"", ""$45""]","[""brunch"", ""dinner"", ""lunch""]","[""Week 4 (Aug 10 - Aug 16)"", ""Week 5 (Aug 17 - Aug 23)"", ""Week 6 (Aug 24 - Aug 31)"", ""Week 7 (Sept 1 - Sept 6)""]",1,https://nyc-tourism-public.s3.amazonaws.com/srw26/menus/50393-WabiNori-LowerEastSide-menu.pdf,https://www.opentable.com/restref/client/?rid=1387495,https://www.nyctourism.com/restaurant-week/wabi-nori/,https://wabinori.com,partial
wabi-nori-queens,Wabi Nori - Queens,Queens,Flushing,"3370 Farrington St., Queens, NY, 11354","[""Japanese / Sushi""]","[""$30"", ""$45""]","[""brunch"", ""dinner"", ""lunch""]","[""Week 4 (Aug 10 - Aug 16)"", ""Week 5 (Aug 17 - Aug 23)"", ""Week 6 (Aug 24 - Aug 31)"", ""Week 7 (Sept 1 - Sept 6)""]",1,https://nyc-tourism-public.s3.amazonaws.com/srw26/menus/51076-WabiNori-Queens-menu.pdf,https://www.opentable.com/restref/client/?rid=1390924,https://www.nyctourism.com/restaurant-week/wabi-nori-queens/,https://wabinori.com/queens.php,partial
wagamama-midtown,Wagamama - Midtown,Manhattan,Midtown West,"100 W. 55th St., Manhattan, NY, 10019","[""Asian Fusion"", ""Japanese / Sushi""]","[""$30""]","[""brunch"", ""dinner"", ""lunch""]","[""Week 4 (Aug 10 - Aug 16)""]",1,https://nyc-tourism-public.s3.amazonaws.com/srw26/menus/41661-Wagamama-Midtown-menu.pdf,https://www.opentable.com/restref/client/?rid=1068469,https://www.nyctourism.com/restaurant-week/wagamama-midtown/,https://www.wagamama.us/restaurants/midtown,partial
wagamama-murray-hill,Wagamama - Murray Hill,Manhattan,Murray Hill,"605 Third Ave., Manhattan, NY, 10158","[""Asian Fusion"", ""Japanese / Sushi""]","[""$30""]","[""brunch"", ""dinner"", ""lunch""]","[""Week 4 (Aug 10 - Aug 16)""]",1,https://nyc-tourism-public.s3.amazonaws.com/srw26/menus/44465-Wagamama-MurrayHill-menu.pdf,https://www.opentable.com/restref/client/?rid=1027582,https://www.nyctourism.com/restaurant-week/wagamama-murray-hill/,https://www.wagamama.us/restaurants/nyc-murray-hill,partial
wallse,Wallsé,Manhattan,West Village,"344 W. 11th St., Manhattan, NY, 10014","[""Austrian"", ""Eclectic""]","[""$60""]","[""dinner""]","[""Week 4 (Aug 10 - Aug 16)"", ""Week 5 (Aug 17 - Aug 23)"", ""Week 6 (Aug 24 - Aug 31)"", ""Week 7 (Sept 1 - Sept 6)""]",0,https://nyc-tourism-public.s3.amazonaws.com/srw26/menus/38573-Walls%C3%A9-menu.pdf,,https://www.nyctourism.com/restaurant-week/wallse/,https://www.wallse.com,partial
wan-waan,Wan Waan,Manhattan,Chelsea,"200 Eighth Ave., Manhattan, NY, 10011","[""Thai""]","[""$30"", ""$45""]","[""brunch"", ""dinner"", ""lunch""]","[""Week 4 (Aug 10 - Aug 16)"", ""Week 5 (Aug 17 - Aug 23)"", ""Week 6 (Aug 24 - Aug 31)"", ""Week 7 (Sept 1 - Sept 6)""]",1,https://nyc-tourism-public.s3.amazonaws.com/srw26/menus/48777-WanWaan-menu.pdf,,https://www.nyctourism.com/restaurant-week/wan-waan/,https://wannyc.com,failed
warren-street-bar-and-restaurant,Warren Street Bar & Restaurant,Manhattan,Tribeca,"Warren Street Hotel, 86 Warren St., Manhattan, NY, 10007","[""American (New)""]","[""$45"", ""$60""]","[""dinner"", ""lunch""]","[""Week 4 (Aug 10 - Aug 16)""]",0,,https://www.opentable.com/restref/client/?rid=1235140,https://www.nyctourism.com/restaurant-week/warren-street-bar-and-restaurant/,https://www.firmdalehotels.com/hotels/new-york/warren-street-hotel/warren-street-bar-restaurant,
wayan,Wayan,Manhattan,Nolita,"20 Spring St., Manhattan, NY, 10012","[""Asian Fusion"", ""French""]","[""$30"", ""$60""]","[""brunch"", ""dinner"", ""lunch""]","[""Week 4 (Aug 10 - Aug 16)"", ""Week 5 (Aug 17 - Aug 23)"", ""Week 6 (Aug 24 - Aug 31)"", ""Week 7 (Sept 1 - Sept 6)""]",1,https://nyc-tourism-public.s3.amazonaws.com/srw26/menus/41480-Wayan-menu.pdf,,https://www.nyctourism.com/restaurant-week/wayan/,https://www.wayan-nyc.com,partial
wayward-fare,Wayward Fare,Brooklyn,Prospect Heights,"554 Vanderbilt Ave., Brooklyn, NY, 11238","[""Italian"", ""Mediterranean""]","[""$60""]","[""dinner""]","[""Week 4 (Aug 10 - Aug 16)"", ""Week 5 (Aug 17 - Aug 23)"", ""Week 6 (Aug 24 - Aug 31)"", ""Week 7 (Sept 1 - Sept 6)""]",1,https://nyc-tourism-public.s3.amazonaws.com/srw26/menus/49770-WaywardFare-menu.pdf,https://www.opentable.com/restref/client/?rid=1411408,https://www.nyctourism.com/restaurant-week/wayward-fare/,https://waywardfarebk.com,full
when-in-bangkok,When in Bangkok,Queens,Flushing,"161-16 Northern Blvd., Queens, NY, 11358","[""Thai""]","[""$30"", ""$45""]","[""brunch"", ""dinner"", ""lunch""]","[""Week 4 (Aug 10 - Aug 16)"", ""Week 5 (Aug 17 - Aug 23)"", ""Week 6 (Aug 24 - Aug 31)"", ""Week 7 (Sept 1 - Sept 6)""]",1,https://nyc-tourism-public.s3.amazonaws.com/srw26/menus/46446-WheninBangkok-menu.pdf,,https://www.nyctourism.com/restaurant-week/when-in-bangkok/,https://www.wib-nyc.com,partial
yakiniku-futago,Yakiniku Futago,Manhattan,Flatiron District,"37 W. 17th St., Manhattan, NY, 10011","[""Steakhouse"", ""Japanese / Sushi""]","[""$45"", ""$60""]","[""brunch"", ""dinner"", ""lunch""]","[""Week 4 (Aug 10 - Aug 16)"", ""Week 5 (Aug 17 - Aug 23)"", ""Week 6 (Aug 24 - Aug 31)"", ""Week 7 (Sept 1 - Sept 6)""]",1,https://nyc-tourism-public.s3.amazonaws.com/srw26/menus/44775-YakinikuFutago-menu.pdf,https://www.opentable.com/restref/client/?rid=168805,https://www.nyctourism.com/restaurant-week/yakiniku-futago/,https://www.futago25usa.com,partial
yakiniku-gen-east-village,Yakiniku Gen - East Village,Manhattan,East Village,"218 E. 9th St., Manhattan, NY, 10003","[""Japanese / Sushi""]","[""$60""]","[""brunch"", ""dinner"", ""lunch""]","[""Week 4 (Aug 10 - Aug 16)"", ""Week 5 (Aug 17 - Aug 23)"", ""Week 6 (Aug 24 - Aug 31)"", ""Week 7 (Sept 1 - Sept 6)""]",1,https://nyc-tourism-public.s3.amazonaws.com/srw26/menus/51271-YakinikuGen-EastVillage-menu.pdf,https://www.opentable.com/restref/client/?rid=1392820,https://www.nyctourism.com/restaurant-week/yakiniku-gen-east-village/,https://yakinikugen.com,full
yakiniku-gen-midtown,Yakiniku Gen - Midtown,Manhattan,Midtown East,"250 E. 52nd St., Manhattan, NY, 10022","[""Japanese / Sushi""]","[""$60""]","[""brunch"", ""dinner"", ""lunch""]","[""Week 4 (Aug 10 - Aug 16)"", ""Week 5 (Aug 17 - Aug 23)"", ""Week 6 (Aug 24 - Aug 31)"", ""Week 7 (Sept 1 - Sept 6)""]",1,,https://www.opentable.com/restref/client/?rid=1177648,https://www.nyctourism.com/restaurant-week/yakiniku-gen-midtown/,https://yakinikugen.com,
yakiniku-toraji-an,Yakiniku Toraji An,Manhattan,Chinatown,"18 Elizabeth St., Manhattan, NY, 10013","[""Japanese / Sushi""]","[""$30"", ""$60""]","[""brunch"", ""dinner"", ""lunch""]","[""Week 4 (Aug 10 - Aug 16)"", ""Week 5 (Aug 17 - Aug 23)"", ""Week 6 (Aug 24 - Aug 31)"", ""Week 7 (Sept 1 - Sept 6)""]",1,https://nyc-tourism-public.s3.amazonaws.com/srw26/menus/51247-YakinikuTorajiAn-menu.pdf,https://www.opentable.com/restref/client/?rid=1286242,https://www.nyctourism.com/restaurant-week/yakiniku-toraji-an/,https://torajiny.com,full
yama-ramen,Yama Ramen,Manhattan,Midtown West,"60 W. 48th St., 2nd fl., Manhattan, NY, 10036","[""Japanese / Sushi""]","[""$30""]","[""brunch"", ""dinner"", ""lunch""]","[""Week 4 (Aug 10 - Aug 16)"", ""Week 5 (Aug 17 - Aug 23)"", ""Week 6 (Aug 24 - Aug 31)"", ""Week 7 (Sept 1 - Sept 6)""]",1,https://nyc-tourism-public.s3.amazonaws.com/srw26/menus/44306-YamaRamen-menu.pdf,,https://www.nyctourism.com/restaurant-week/yama-ramen/,https://yamaramen.com,partial
yasouvlaki-west,Yasouvlaki West,Manhattan,Upper West Side,"594 Amsterdam Ave., Manhattan, NY, 10024","[""Greek""]","[""$30"", ""$45""]","[""dinner"", ""lunch""]","[""Week 4 (Aug 10 - Aug 16)"", ""Week 5 (Aug 17 - Aug 23)"", ""Week 6 (Aug 24 - Aug 31)"", ""Week 7 (Sept 1 - Sept 6)""]",0,https://nyc-tourism-public.s3.amazonaws.com/srw26/menus/50889-YasouvlakiWest-menu.pdf,https://www.opentable.com/restref/client/?rid=1430257,https://www.nyctourism.com/restaurant-week/yasouvlaki-west/,https://yasouvlakinyc.com,full
yingtao,Yingtao,Manhattan,Hells Kitchen,"805 Ninth Ave., Manhattan, NY, 10019","[""Chinese""]","[""$60""]","[""dinner""]","[""Week 4 (Aug 10 - Aug 16)""]",1,https://nyc-tourism-public.s3.amazonaws.com/srw26/menus/49053-Yingtao-menu.pdf,https://www.opentable.com/restref/client/?rid=1295479,https://www.nyctourism.com/restaurant-week/yingtao/,https://yingtaonyc.com,failed
yongchuan,YongChuan,Manhattan,Lower East Side,"90 Clinton St., Manhattan, NY, 10002","[""Chinese""]","[""$45""]","[""brunch"", ""dinner""]","[""Week 4 (Aug 10 - Aug 16)"", ""Week 5 (Aug 17 - Aug 23)"", ""Week 6 (Aug 24 - Aug 31)""]",1,https://nyc-tourism-public.s3.amazonaws.com/srw26/menus/50390-YongChuan-menu.pdf,,https://www.nyctourism.com/restaurant-week/yongchuan/,https://www.yongchuannyc.com,partial
zaytinya,Zaytinya,Manhattan,Nomad,"The Ritz-Carlton New York NoMad, 1185 Broadway, Manhattan, NY, 10001","[""Mediterranean"", ""Middle Eastern"", ""Turkish"", ""Greek""]","[""$45""]","[""lunch""]","[""Week 4 (Aug 10 - Aug 16)"", ""Week 5 (Aug 17 - Aug 23)"", ""Week 6 (Aug 24 - Aug 31)"", ""Week 7 (Sept 1 - Sept 6)""]",0,https://nyc-tourism-public.s3.amazonaws.com/srw26/menus/47933-Zaytinya-menu.pdf,https://www.opentable.com/restref/client/?rid=1183219,https://www.nyctourism.com/restaurant-week/zaytinya/,https://www.zaytinya.com/location/new-york,partial
zero-otto-nove,Zero Otto Nove - Flatiron,Manhattan,Flatiron District,"15 W. 21st St., Manhattan, NY, 10010","[""Italian""]","[""$45""]","[""brunch"", ""dinner"", ""lunch""]","[""Week 4 (Aug 10 - Aug 16)"", ""Week 5 (Aug 17 - Aug 23)"", ""Week 6 (Aug 24 - Aug 31)"", ""Week 7 (Sept 1 - Sept 6)""]",1,https://nyc-tourism-public.s3.amazonaws.com/srw26/menus/39467-ZeroOttoNove-Flatiron-menu.pdf,https://www.opentable.com/restref/client/?rid=89980,https://www.nyctourism.com/restaurant-week/zero-otto-nove/,https://zeroottonove.com/nyc,full
zou-zous-restaurant,Zou Zou's,Manhattan,Hudson Yards,"385 Ninth Ave., ste. 85, Manhattan, NY, 10001","[""Mediterranean"", ""Middle Eastern""]","[""$60""]","[""lunch""]","[""Week 4 (Aug 10 - Aug 16)""]",0,https://nyc-tourism-public.s3.amazonaws.com/srw26/menus/46053-ZouZou%27s-menu.pdf,https://www.opentable.com/restref/client/?rid=1197907,https://www.nyctourism.com/restaurant-week/zou-zous-restaurant/,https://www.zouzousnyc.com,full
zoi-mediterranean-cuisine,Zoì Mediterranean NoMad,Manhattan,Koreatown,"19 W. 31st St., Manhattan, NY, 10001","[""Mediterranean""]","[""$30"", ""$45"", ""$60""]","[""brunch"", ""dinner"", ""lunch""]","[""Week 4 (Aug 10 - Aug 16)"", ""Week 5 (Aug 17 - Aug 23)"", ""Week 6 (Aug 24 - Aug 31)"", ""Week 7 (Sept 1 - Sept 6)""]",1,https://nyc-tourism-public.s3.amazonaws.com/srw26/menus/49733-Zo%C3%ACMediterraneanNoMad-menu.pdf,https://www.opentable.com/restref/client/?rid=1379803,https://www.nyctourism.com/restaurant-week/zoi-mediterranean-cuisine/,https://www.zoinomad.com,full
blue-mezze-bar-ues,Zoì Mediterranean UES,Manhattan,Upper East Side,"1480 Second Ave., Manhattan, NY, 10075","[""Mediterranean""]","[""$30"", ""$45"", ""$60""]","[""brunch"", ""dinner"", ""lunch""]","[""Week 4 (Aug 10 - Aug 16)"", ""Week 5 (Aug 17 - Aug 23)"", ""Week 6 (Aug 24 - Aug 31)"", ""Week 7 (Sept 1 - Sept 6)""]",1,https://nyc-tourism-public.s3.amazonaws.com/srw26/menus/46106-Zo%C3%ACMediterraneanUES-menu.pdf,https://www.opentable.com/restref/client/?rid=1201135,https://www.nyctourism.com/restaurant-week/blue-mezze-bar-ues/,https://www.zoiues.com,full
zuma,Zuma,Manhattan,Murray Hill,"261 Madison Ave., Manhattan, NY, 10016","[""Japanese / Sushi""]","[""$45"", ""$60""]","[""dinner"", ""lunch""]","[""Week 4 (Aug 10 - Aug 16)"", ""Week 5 (Aug 17 - Aug 23)"", ""Week 6 (Aug 24 - Aug 31)"", ""Week 7 (Sept 1 - Sept 6)""]",0,https://nyc-tourism-public.s3.amazonaws.com/srw26/menus/38734-Zuma-menu.pdf,https://www.opentable.com/restref/client/?rid=162010,https://www.nyctourism.com/restaurant-week/zuma/,https://zumarestaurant.com/locations/new-york,full
abcv,abcV,Manhattan,Flatiron District,"38 E. 19th St., Manhattan, NY, 10003","[""American (New)""]","[""$45"", ""$60""]","[""dinner"", ""lunch""]","[""Week 4 (Aug 10 - Aug 16)"", ""Week 5 (Aug 17 - Aug 23)"", ""Week 6 (Aug 24 - Aug 31)"", ""Week 7 (Sept 1 - Sept 6)""]",1,,https://www.opentable.com/restref/client/?rid=1374229,https://www.nyctourism.com/restaurant-week/abcv/,https://www.abcv.nyc,
ilili-midtown,ilili - Midtown,Manhattan,Midtown East,"157 E. 53rd St., Manhattan, NY, 10022","[""Mediterranean"", ""Middle Eastern""]","[""$30"", ""$60""]","[""dinner"", ""lunch""]","[""Week 4 (Aug 10 - Aug 16)""]",0,,https://www.opentable.com/restref/client/?rid=1481008,https://www.nyctourism.com/restaurant-week/ilili-midtown/,https://www.ililirestaurants.com/location/ilili-midtown,
ofcorsica,ofCorsica,Manhattan,Chelsea,"Pier 57, 25 Eleventh Ave., New York, NY, 10011","[""Mediterranean""]","[""$45"", ""$60""]","[""dinner"", ""lunch""]","[""Week 4 (Aug 10 - Aug 16)"", ""Week 5 (Aug 17 - Aug 23)"", ""Week 6 (Aug 24 - Aug 31)"", ""Week 7 (Sept 1 - Sept 6)""]",0,https://nyc-tourism-public.s3.amazonaws.com/srw26/menus/50414-ofCorsica-menu.pdf,,https://www.nyctourism.com/restaurant-week/ofcorsica/,https://ofcorsicanyc.com,full
tan-by-chef-richard-sandoval,tán By Chef Richard Sandoval,Manhattan,Midtown East,"209 E. 49th St., Manhattan, NY, 10017","[""Mexican""]","[""$30"", ""$60""]","[""dinner"", ""lunch""]","[""Week 4 (Aug 10 - Aug 16)""]",1,https://nyc-tourism-public.s3.amazonaws.com/srw26/menus/51095-t%C3%A1nByChefRichardSandoval-menu.pdf,https://www.opentable.com/restref/client/?rid=1259293,https://www.nyctourism.com/restaurant-week/tan-by-chef-richard-sandoval/,https://www.tannewyork.com,partial
